,label,playlist_id
0,0,00Ot5pBIr1CuAlAJUivoOK
1,0,00baB9PVWDBii7jtGvrPCs
2,-1,00e2vXzWaSmxJ1Fga6l2ug
3,0,00pQXl7juKerBcxIM8l6kn
4,0,00xkZo0UVb5tsXPj2I9DZz
5,0,0156tLfZJwb6CDgXRTfzT5
6,0,01DbkmjFPYPeZyw7MxBal5
7,0,01cMmxcvXslRy2gw5ZYzcj
8,0,03v08073YFtriJYto8uO1K
9,0,049Htl8YyOrScgwMUgXzFq
10,-1,04BPAHNEj2hnAEftQftm3k
11,-1,04p6rUN245zq0MDosOiUSL
12,-1,054GHYOgMxL2XoEDFw9X5b
13,0,05lr5JlZRRgMb5wy4ptO3j
14,0,063OOAs1pcT92wa1WOTIES
15,0,06Kff3jXCpcy3SIZsRAaN5
16,0,06Ln1gOM6y9Hbh2LCWETpO
17,0,06LsCWA0CN40Z9wmoMou77
18,0,06fJ4v9NQJE7sslLMwpCOw
19,0,06m5HzAGIkYyLsDdNpWoCp
20,0,07TYO8N5n2xj475OJHYvbi
21,0,07anVLTbcMrHS39WTghYVY
22,0,07nnEHz8eKNvqktmFQoYdp
23,0,07vu3bZN9NKvrVbHWaz7gJ
24,0,08CJ6fWrTA1vMfwVwAxWUl
25,-1,08h4uqVS5e0TldnETHxfDp
26,0,09FFsDV9TiZNPjnqT9kshJ
27,14,09aiClP3EzfuHVuw5m8CNr
28,0,09dxafZ7Ew1zAUClcxYgNY
29,0,09m27m2fQ8qadFSXYDolDR
30,0,0A06WmiRHgp1h6YPbhVkA6
31,0,0ABdGcvTMYHpZHuQMEl2Y2
32,-1,0AlAWx7CzEJ3EMHz0HAPOj
33,0,0BNbXvvCKhsuuZiMZAlvbU
34,0,0BXl6ryejYnstpiZAe4ZaR
35,0,0BzFGfX1B2n1Qa3ROBkPMO
36,0,0CZOu9OMDcpl9COp4OzESs
37,-1,0CyrQIlx5zftr1vE3jNriW
38,0,0D7hgzCGkheDBtkHdZcJLH
39,0,0DBXmbXD05XVZTy5GcJlmU
40,0,0DIxLewPISQlKB3mEpU01S
41,0,0DiraIx3RThWgSxVKLg9hi
42,0,0Dv2J1OvTnnj4CVePqMQyq
43,0,0DvGhfdKXKVSAnQr96lYt9
44,0,0EDUX47jo9n86w0H8V6lxn
45,0,0EauQYGG4iB79etXx1FaLu
46,0,0Efv24hYlPE6WTgSqLOvHs
47,0,0EmQYg4RCMKYyZUJzvugoc
48,0,0EnHcDWuK7WhmKszOHsovd
49,0,0FM6eI26ckZQSpsW1buGPY
50,-1,0FQv51ek8UVEE2gHv1Ass7
51,-1,0FrJEntWFBK3mcl01lCMQV
52,0,0GbRFPuhc2CEb8QUNSmYPl
53,0,0GsvYNj45QjR245EWqgfDs
54,0,0GwuuB4lAVouY9wlb2xrYe
55,-1,0Gy1TwCxPFTMCiwxGLVkc1
56,0,0HBVyJR3ZyTxtbQY2gv7W0
57,0,0HW6gOLsharIwVZFqh9zx8
58,0,0IFpYhCvPfME314jVB0ZnY
59,0,0ImH2oCZ4Ciah4Ll5efwYF
60,-1,0J22zAvCzCEdlS7Mi0f1dQ
61,0,0JN7dMiuD9FjIyhYU1jbHq
62,0,0K8BcXDMDW3yKuLGRNJUaO
63,0,0KC6dfzdwYjFfxpXeRgzzX
64,0,0KC7ABUPNL8itRyjCxUstz
65,0,0KrggedSlQRXulebKOHDz6
66,0,0L7CHMOjqYUuDvQE1Pn1gt
67,0,0LDrR8npImS2X0gwf203gW
68,-1,0LLHA6HrgpsgUKZYUxym5v
69,0,0LnAUDz9m4bmfpA0KWIUdx
70,-1,0LxFAF0rB9XjV3XWAuPA9d
71,0,0MF1XGKzqqeL0ZHeqMrq7R
72,0,0MQddrOw034RfUXyEQoFDs
73,0,0MoFK4KvMqT9e57mLOPise
74,0,0N2IFEIdHsE6vqqsYP6bXr
75,0,0NYQn2MxWGbkzYLQa4kgg8
76,0,0Nfd1i1ofRRIXN8Kyk5ms1
77,8,0NnnXJtgjnzkpdT9BNRlY3
78,0,0NzmbtQKQMoPcOfesYLda8
79,0,0O0eC9JbsTOa0mxX88kXZP
80,0,0O4sBMQDCMIYr7P94l1hGT
81,7,0Ov8cZ8YTlYEJWBLmztWN1
82,0,0P2Y8n4hZbAL3lRlAJ8itL
83,0,0P6l3U1hBWFCUp8fZByxKT
84,0,0P6myuzbRrO9wazD7ERmoh
85,0,0Pe3A4UFdEjcaI9ueenD5M
86,0,0PpkHxAKEuRco27CLg50PL
87,0,0PvRAPFNUmYYPS7ti3kHfb
88,0,0Q5zVS7BXbPcFbCKMG74ik
89,0,0QCFckzoTVfZgb5j5n2Nl4
90,0,0RCPsrq1QeNu5T57SRRZUm
91,1,0RO49mStzTTVIMY05mZLi0
92,0,0RVWu29bjCWIGg2P1VVxN0
93,0,0RuZmrd99YK6rCtqEQilo8
94,0,0Se1aue4VvxDKAEPOpiYLq
95,0,0SiwBljbCn658GfiOqhAE3
96,-1,0SthmxKs98q9J7SYO2oYtO
97,0,0TK4rp5q5hxjh5g10v1u8S
98,-1,0TVWi53QqFFjiPRqMfPl5d
99,0,0To5kbmb6hYlQGFWnYypEn
100,0,0UGVqsmQAYuhs3wtYg8gmF
101,0,0URQ6hw0OY6kX6MuEBLyxA
102,-1,0Ui4FeTgqYShhTEDrwFYzO
103,0,0UxrowkNrNrtJg3ACKLfM1
104,0,0V4WND9P7IDEdtZjOJomHi
105,0,0VRglur20SH9exjl7SLhL5
106,0,0VjrAiRMSDDyBgJB8gJJcc
107,16,0W1R9smDA9KdQYCqj1ng7p
108,0,0WgKHUksjYUrIuUTYXgbfQ
109,-1,0WiN7HdzAacHh8Xf0brx9N
110,0,0Wnwmr7GxuNRqxM0KcxYl3
111,0,0Wx3Jox4niwXTu8R97fhdw
112,0,0XAUsivLD109Vqckg5DaSD
113,-1,0XKz5dOHLZQSHWgkn2jL7Q
114,0,0XYgYdYZWUV91EwT5AsWwc
115,-1,0XiBz2UVaA86NzbZjubUbh
116,0,0XvuiGCqbzW8FW90jUlp2x
117,0,0YGqIJTVGxOSKg0q7xDZu1
118,0,0YZKARsIjxhByr84Jre1le
119,0,0Yxh42hdgrOkTUjCxqTpGJ
120,0,0Z3bTpBhnWCENS7uJnCVSE
121,0,0Z3rKoWib4QGIEjK0ksUce
122,0,0ZWYUjUMhaq0Rammqq3qu1
123,0,0Ze1vCBxvrSq6OwbhnKAHR
124,-1,0Znsyu94cUO0sg2tV9mAKY
125,0,0aL7M6qKDacHCtUUch3AhB
126,0,0atQmsPvvO4mynXct0zo9G
127,0,0bI05scZoM5amVNebOVZkH
128,0,0bS75ioaAbvva8cOdCcvkN
129,0,0bf5CNQSDcJ85ZO3bg2B3N
130,0,0bsTXSBIcqIkYACaan1QFm
131,0,0c2hSONdhVpHe5yQtEoP5Q
132,0,0cGcUeY952VRBtiDjRXrLH
133,0,0cS6eQ6y8jki1Khi5F2TxG
134,0,0cuBa8UpMhsY4A1HPrnUEt
135,0,0dC9r30vPbmZyU6AoYgLGF
136,-1,0dGEiitdewEsR6ar7BCX7A
137,0,0dKaT4SonbdEjfMeOemkWe
138,0,0dXhPcq3d6H01QPEsozKoJ
139,0,0dYeqPzgnOfvjKC0QDOu3y
140,-1,0eBZVjs3UoRZB2fEKJ4dAg
141,0,0edk3UBWrcJi5CqjjrECHO
142,0,0ejkWwZxBLrlGP2HqmuTGf
143,-1,0fpZ8nb0Hqo2M9psxcRd0u
144,0,0fzmqHGd8zxk6mE7u8iHso
145,0,0g7Ngdw7KrgEnUx8pg8y27
146,0,0g9Y81uMgZXzCfpNe1u4UU
147,0,0gDYFMtFfSpB1R1ltNchXt
148,-1,0gGDFDDECSA2IVn1BTqDeW
149,15,0gtYicAfzkJolTDdFuO0NH
150,0,0h3wAgRHV3GfHMuJRTu12j
151,0,0h54qsNlS4MUTlBLc7zExm
152,0,0hCJH32omfvIkHn8FJzOlB
153,0,0hpQdUyNKhyxjfiWzPFXtN
154,2,0i1oV4UJVnexC1QZVniuTU
155,0,0iIGBXrZyjfPKwnvjIEqCX
156,-1,0iLHo8Q1rXyVxoPjx5DzPN
157,0,0ibZnAtHjt18FADyRhxgOh
158,0,0iccByKljNIntXF3EcKbcL
159,0,0jnDRYQ3w94LJHHVV4TY8L
160,0,0jtg0bSEFcnRENUwE6SZK5
161,-1,0k7YwkrfJ2BsRMFBP5W5xK
162,0,0kTD9FfTVyZ5nL9UJ21NLE
163,0,0kkP1ePcVc0BFFIM4Mf1pb
164,0,0kyyju4USMenQj708YEvEe
165,0,0latfmdV0dxTMfTPN8Xanz
166,0,0mi0lVNI2egTuXjjkR4cbk
167,0,0mqvmu2pH1jGk7NNLYW9pP
168,0,0n2sBhwivRgYM0h2A7s0Pu
169,0,0nAfMI12JZ4UFHbYt037VH
170,-1,0nB82jdbO9GSJZHX6Oj76K
171,0,0nFodXCUmHWzduIWKOIiQw
172,0,0nJLETD6FJUhPv0rL0kYPz
173,-1,0nJLZvGpicCmjpNTSQG610
174,0,0nLGKEJ2ubDRXK7XsXXpOU
175,0,0nSrLViEijOS0r53K4Z31q
176,0,0nUAnbaB36bAOY5kWVMDJ8
177,0,0nYEeeJ4N7Rj0ec6bsZUHJ
178,0,0ncfeoyoiOtHvB19us8USi
179,0,0o38Zd2jx6isVa9W7n8lch
180,0,0oKII8Fcq2ChgHKfgyuTcu
181,0,0obRj9nNySESpFelMCLSya
182,0,0pmr2vdxSZCDGEiUConGgJ
183,0,0pwo75VExuaiioPwhbHmOf
184,0,0pxyYKE6k7apzBexWoLGf2
185,0,0q5Wn3N7VAnnctZMnP9RNK
186,0,0rlPkRjs0lFAMMIaOVVD6A
187,-1,0rpXSS1Zq7d8gy0iNwFR6v
188,0,0sZRrh3rcJiG2LBP6NnyRF
189,0,0t5sCAa21rb3bjm4Yl7xDv
190,10,0tHPFNIVsGykaWKCSxFV1V
191,0,0tkr2Vlxqqzl9JFwdMhkHo
192,0,0uGT5Vm2YXNAUf7MatH8wx
193,0,0uhfKIeVGE0CFc4zSaT4gg
194,0,0uxHEGXSlleLGA0NUvzMhe
195,0,0v7PCC37mjgu7X9ewRlDhs
196,0,0vGUqmXJImYA5aa3dLIuHz
197,0,0vVIpVYFB76FKFX08XRyRq
198,0,0va12zjtBfg7S5KfmDlJuZ
199,0,0w23rdRKWzcyYMINxq1wFG
200,0,0wOzdBsZnpmJInucl973x7
201,0,0wjiX3vLWhJbfjMDi8cYFd
202,0,0wwCwT17sXzkrJQTZSvcZB
203,0,0x1DHKpzVQ4MEG4mVZ9irJ
204,0,0x9sHK8Xh06g0o9RMcukJg
205,0,0xYIq2Y00g2mJaojdfmq62
206,0,0xYSoASXocHrlVgUUJIS7a
207,0,0xy8emZ9YqcEUU81YG1ILL
208,0,0yEzwHMHU3AzJahZTastNJ
209,0,0yJVpWyIrI5eZpa788QvHs
210,0,0yeGQ5s9kAfoyizjpims6p
211,0,0ykGVSdrqVbpw7vFGEF24o
212,0,0ykgbXfBv0Lxpllm97iip6
213,0,0zE6GaSgDsa1wqXGXLpWya
214,0,0zGFK6jULDlrLDfFNjfI1v
215,0,0zj2gg4UXElb5WEtTUEVza
216,0,1079xNIrY397kCE51lvqow
217,3,10DWXWlSwPBD1jc3pQhdXH
218,0,10EBx1dpfDKCbKoAeBr2df
219,-1,10TvUU4QBY0fFLDLJtdKYU
220,2,10YYuGizB54HJqFMVv2Pno
221,0,11YMjPRTwgVqfOVlRh9LaR
222,0,11ZL0eDMbPxMfLd4mNnUFj
223,0,122mqeQZHdJN4NfWnLW0N0
224,0,12P9pKU35Q7sI8QxrX5QGj
225,0,12R8HZh3GHUw1c4sgPtu6x
226,-1,12U7HNBLeeuT7Z1SHwhEvh
227,0,12cOavU5S8ywMfQ5rALcxN
228,0,12e0Ly27ZAgR6Se5HVP1k4
229,0,12vTj2H1NTuEs9JaqzDznL
230,0,131wVohjHrpv3U321ZzFzD
231,0,1343sL2lHkxjjfWHeJ0f0Q
232,0,13Tjur5Bt3NbDdD9jc1EaR
233,0,13eYLxfwncsMUf4GITpWa7
234,0,13fvHOARumrvia00cPMAG9
235,0,13gcV8wOks1SbwCzYBOMAa
236,0,13j4oIMZpBGJopsUm7M3cy
237,0,14O3gAzMXUiab7zpOxvsVp
238,0,14iAbJOsAAvLoJC6qfZM39
239,0,15kDyu94uyYXfNhtDFKzAd
240,0,15pzU5LZkbazv9gPMepXmq
241,0,1650xg0OnAve5Ya8j1kmih
242,0,16DOz6NO7BcRjCKlALsXMD
243,0,16MeI8WFv5276BDmqwtWPn
244,0,16NHaisBCJLgYozNz7DacA
245,0,16POWKYlz6fLCdvu7oLpQT
246,0,16mBtg6NzFoQbrGPXI3pnF
247,0,16wWhaApGyeRtngBVMuWR0
248,-1,17DKZlHVSrU0pHu956b94N
249,0,18GHbFy1bRK04e8jCLJm5i
250,0,18Gak5txO3xUQ82WYD9oFo
251,0,195nmVfMFlNrYfM00X0qUz
252,0,19KAUvpvS5lC5pxIGsMzF3
253,0,19Wfavczj37lXaNLgs8DPb
254,0,19nBMXeB1fSTTkLmly6f40
255,0,1A4meEJ1VUbnHhIxzfC17M
256,0,1AWSaaLxfGzun4xrFcxuCI
257,0,1AfOKZxnlc6OYrqHWDNV4K
258,0,1All5I9pyXjJ2ArZt4zuCX
259,0,1An8WXCna4tsP27YqbsfqJ
260,0,1CHSeKAVor9UnN7VRpQMVi
261,0,1CNLjVIQHHWyeSA5F0QDvy
262,0,1COnNJ4Hl7oZHvEfC4bxbo
263,0,1CSWksGIEZDentrgi6WOf9
264,0,1DXLGZJNUv2yMbTQH4VeLS
265,0,1DeLYd5VRrh6IxKQKVScPs
266,0,1DjEhDPND6EvSv50A5kvvQ
267,0,1EDjrgCUvVbtZr2ufVfzF4
268,-1,1EFr3uqKrG7wqbviduGMIn
269,-1,1F12xxn006Kvs1kTqukVM1
270,0,1FR1VsWKhbMHXZcJshf9OQ
271,0,1FSxeG2u1vX4UHn440RX11
272,0,1Fawsj4N02jjI3v3pRT0E3
273,0,1FvHeGRRtmTAwlPKAA0nCn
274,0,1FvzIB4IJp98YaT1LkNpMt
275,0,1G4xK6ksyXGLqkf4QSSQCL
276,0,1GCVFbpYypodLFGepkhsxN
277,-1,1GJdraGkXItHc8BCsWOrea
278,0,1GOaXPw0dCDJ7GYEmnLN4v
279,0,1GjzozjYQYJcC7CFZ4nlMz
280,0,1H6NwhJTyicXHBvEK9yIsp
281,0,1HDhxBcAqqKHPDFw0ZXmJh
282,0,1HFNqaD7XZGlegsrTtFDhW
283,0,1HU6kUdZQZkoqnz3fsj3Fw
284,0,1I6Nu8LGLgiTnFzQlUftku
285,0,1IdGgPLM3EsQ8Sit14TtIy
286,0,1J2vYkrZaRh9mPoRAiVVmU
287,0,1JR3S0mzWG0bEehX9kybNb
288,0,1JR9QFgkSDP8QqkJ1QxLOd
289,0,1K765Nw0M8t5ZNMT9S3H1I
290,0,1KNTnn9LWkcV9kNJueTDRL
291,0,1KRZH6WH8qYgaVnagjjOFV
292,0,1KmAgq98r2vUcHrxUdNdLA
293,0,1LEpXgztdmpF7QuXF8x57M
294,-1,1LNbTew2uJ7WnGJrJWyiSC
295,0,1M4ra76TyNzL6IRiD9Y15G
296,0,1MLD9yaszBQRmN6XY5UNL9
297,0,1Mx0hMg2RcPZaqNdZtgG9Q
298,0,1N4fJuoEONENv13LJNJAJs
299,0,1NFsBxcimN2xpQcqDUQ5Yl
300,0,1NMJEMfjW3hfj1fi69i4zx
301,-1,1NS9iEw6E5GiC05WhgvNiy
302,0,1Nb1Tym2XhXeEfuS6pExQh
303,-1,1NhyDwtQXVJ6JtvuMdwgl9
304,0,1Nv7H5IhZc25M9qTrv48Kb
305,0,1O6jpUItgTm35Mt2Vs8XUr
306,0,1OgArb8kqkeqvBPFEdvWHB
307,0,1PF32zDc1K5iOT8fmphgcr
308,-1,1PIQLd9JsewbohVcqtN8J2
309,0,1Pbl89nWpbg4x5deIzrezC
310,0,1Pdsf57hDtbLjUohhWbo0K
311,0,1QxdL1fPW4X4eex4CrFryW
312,0,1R3qb7YZe1CqNoCtL5qC1I
313,0,1R51yZnwygAGCh5PbPozZm
314,0,1R8AvkmD5Dihsg8QjkShWb
315,0,1RIpO6ONpT3vf2BXEEawZG
316,0,1RNtVvT2tJt8TF2HuTlINr
317,0,1RSIZg7cwiZqFLdRjXOt8k
318,0,1RTaT9SgEM2xY8101CgYMA
319,0,1RagQJEnobyvKHUpUYLf1K
320,0,1RlccZBnvD9R8vbnGPb3DO
321,0,1SnZ9DxFfSEw1NtfoiFshk
322,0,1T2NZYhVC8SqqJfdPxuHNd
323,0,1TO05UYff9piwHeDacsmiD
324,-1,1TYFj0O9dnnhgIN2KGvq1Z
325,0,1TiubOAd8gu5sSf8o1Zptw
326,0,1Tp5brassis90SQmWnzJSS
327,0,1UltEevqmtO7vKlPpVFcqB
328,0,1V2PXDOJRCpH4PrWGC6r2m
329,0,1VDGyvQKhOyKEdfPbgz5tb
330,-1,1VYfSXMvyGs3BowBibhG3r
331,0,1VbscFFcC9wC6wk5pLmfZA
332,0,1VfFbVXZ9kq7yl7wPkgnp2
333,-1,1ViHOHrA8gA4z5yg7CvXRG
334,0,1W9O4qOcb409Fkuk5gqua1
335,0,1WPjfK4GAd4lsMdTzqRXy1
336,0,1Wuu26IfjFTbF9cjmdiKPK
337,0,1XECNlV5ucgLsAA4RSXyJO
338,0,1XZL3KldUTXQMj3dzcGB4i
339,0,1XgzgZTvKuNvo0kAPa4P1x
340,4,1XuZMj6ICp0m7ks3z57WdV
341,0,1YKecHGabxBlwitDsh5PH6
342,0,1YYWawu7YUyJtrqbXKcJ82
343,0,1YpUpTLNYkVoxDUJwm0QsJ
344,-1,1Z8HPzXKTX3tVQk04JC9YE
345,-1,1ZV5KQP9n81oexu6dOST7q
346,0,1Zfp39cbtRpJ4XbVmSE35z
347,-1,1ZvtJbZY1LPTPSZAhb1SJ4
348,0,1a903yx6HnUA3NfM5bl7uD
349,-1,1aBbkAyteuDmBdqbnJRC9U
350,0,1aEB7cBvdRwtF8h4ScN3c2
351,0,1anEJfDK7bJ6fPzppvj2dO
352,0,1awYlVqR3LpIS0fkUW3kbw
353,0,1bApZx5v246taFqvGL2oJB
354,5,1bFekkPyJGoX2q0aDXxeWE
355,0,1bVieET9K8yaiovCOLxfv6
356,0,1boY5yYgXMsrp0YufaXaX4
357,0,1c35oDvbBwRfuCdUBotXaI
358,8,1cFApM1rGRnPPB454Gp9MK
359,0,1cFQPWc1bvuyLMiQCDiU6a
360,-1,1cJ6lPBYj2fscs0kqBHsVV
361,0,1dDns6RLv0HqVTFXA3XGdR
362,0,1dYou6z5wR9uMv9var1fPT
363,0,1dgW3bqq4a2StfqMQrM0EK
364,0,1eFwOIKKOwoPa5yjjmnKpw
365,0,1eSzB5v1FaKP5r3K1yCXzx
366,0,1eXzMkD7VByEvtNMWlBTd4
367,0,1edzIQZCz30Ifvx4QX4trF
368,0,1ef60JQQPLJ5DhFy5CFt9h
369,0,1eouDwzVFItbib27aROh78
370,0,1ew8ltOYEKi4r89DCCwlgY
371,0,1f2oiUhgCH3IdkwgfQSEBu
372,0,1fMF6Cv1WTRTkaE5X5jiit
373,-1,1fPkgeFtTb716h8uEk4v34
374,0,1fcsUFD9s3fScP91dME0x5
375,0,1fqQTGTTNCvGJwXqVRY9YB
376,0,1g2466FD1XZ7aFqexP3SyZ
377,6,1gBr5CYTCplsTYwFwoM6m8
378,0,1gfoUmB86Ulz4z5h1ACNV1
379,0,1glhlCBVsWki2AphT43j2J
380,8,1gusQqbwUfZJuNugGSiMNW
381,-1,1h0CEZCm6IbFTbxThn6Xcs
382,0,1h2BaoP4BjLovxs9Zw3uPp
383,0,1h2hs2vZY0FAQ7ssWoivMn
384,0,1hJ1VoCOX09dzFJI66oIT8
385,-1,1hODQhGf49U1GHVbq7mA96
386,0,1hYWCuFv5Eav9yIZXHwnpd
387,0,1hnlAGPhycy4pITsOX1Yti
388,0,1iLGEPaoORVkWAgXkHTQKA
389,0,1iR8frACHVkQdrb95BxelQ
390,0,1iRGtHSH2hXGobV1IgUU68
391,0,1iY9dbMVfyjMxAo7ubJgEa
392,0,1ibdCbObwXacWzC86Kzt0E
393,0,1je8y98HQX1uqKA6XkDTAb
394,-1,1jelEUwXFe9YeEjdAR3aC8
395,0,1jk6zOFGDuXZuiwk4oQfGd
396,0,1kBxfN0e62JbtN0KhRD1JI
397,0,1kKtgGZYkMpsc8DXwIT55j
398,-1,1kVntaVpxmlSs8Nlh8oCzt
399,0,1kWagBMXEkmv9BHCyqWRDx
400,0,1lDUFNkGB5PGvKdVDRRbKL
401,0,1lFZj6T777q2yhWb9uX9at
402,0,1liTkKB4Qil2CKQ4ySQKKC
403,0,1mgfqD7bouVPY116VFexqg
404,0,1nI8DiJu1tjwkBoGQt2VgM
405,0,1na3xPno8REJmK4n79ryfk
406,0,1nwwg5kf9ofkGibmWVyrN9
407,0,1oP7S4zRjjiqD8HeHBKcqx
408,0,1oS4yQgaaBj5aGJ0l7D1wa
409,0,1oZgImTFiIqURL6GELRj0m
410,0,1ohfcatmJ7BrS8zMq2gKD3
411,0,1pzOMXzI2uELJ5LWAIvnFh
412,-1,1pzhl1lvJp3999NqOm0lBT
413,0,1q2O81UT8wFqucZAJIEKQ9
414,0,1q6iTnTrYtz6v4couHGseV
415,0,1qfgYT2G0gx6NY0u81gbEm
416,0,1qhsCqcXxymB76GYHdm2Kc
417,0,1qjq6n7S0Ya1nRuEyKqxex
418,0,1rP5Ec84PaES523dOJIoGk
419,0,1rUqrkSj6eDDSlLTb98qfy
420,0,1rcuHYMGZd72wRCbtDP7jx
421,-1,1sOkomKuAwgPIMnwGWdVG5
422,0,1sWZe1CRbscVwk1x8Dfb6p
423,0,1skmPDgBF57iigeBPqct7N
424,0,1sriSw7Gj4sgN2mY5cGc1Q
425,0,1taegi0q5x4MhiD5vD9kNT
426,0,1u1bGCt5meXFmnd77HkR5R
427,0,1uXxfnBMMR9BADA2I3EGXa
428,0,1vwdLN2NLNcusU1kaSaRAG
429,-1,1w6SPIX0zv7GsVfb1npQ8p
430,0,1wEkNrikbTXvDWxQYmmQPp
431,0,1wVhIB4TsyqLu2yYdodxqj
432,0,1waAbz3xjguuQsnYIzlPud
433,7,1wbxgGmJsVsa2mpKmcU9my
434,0,1x6Whw0W2v0ZORpv8WOXZQ
435,0,1xIG0EtRnD7IjnywCzPjP8
436,0,1xSXihSJK5zf2w7kCm1xIl
437,0,1xobicQdTsTcFwexy4lA4t
438,0,1y9UZsgoCRo4iP2Z7jogxu
439,0,1yBNdp2ZyI2g8p1nF9duoE
440,0,1yIRrKNkSewKKg7kWuVsp7
441,0,1yT8Lysf7EnVkproBq4Zfr
442,0,1yTgfZuOGyKbpvh8oNKoUW
443,0,1zbWXC3vA59NiMb1CkFQQE
444,-1,1zwaOYD1ZrcN8PWQsvgAdM
445,0,20kwKX4196V4G1iBzlox5C
446,0,20xLrv0X2sc13DQAcTnAfM
447,0,20ysmkAqiBGQjwAg3kCpmu
448,0,22wj5kf6ub2o0DQ3Zr34Hn
449,0,236L4jeOknBSm75rIk7Xfq
450,0,23JfBx59KNXmhDw499TyZO
451,0,23pMgDu6xw9xF5QWGNMLWU
452,0,24fdM76NhetrncgGQxNsv9
453,0,24mETIl6RLBATYcZfRP4f9
454,0,24oPH1ubqUO8Jy4N2F5YmE
455,0,24urwTXKR3l2sNUn9zGLWD
456,0,25CWz7nXIcHixNmkzc1db6
457,0,25KNLNLlTEQJYgpvNGZLYd
458,0,26NqceOXsALoG0fbPR6mME
459,0,26ex7AWIJsmDv2lcToEkqf
460,-1,27MWOWQujlv8bP2WLLj4YW
461,0,27bFTrdVrTRuXu7IfLKdxW
462,0,27kNWmnl4NGluD6tlpBSb6
463,0,285EOSTB2SmIT1whQmMy8B
464,0,28ZBooqbLfQecygMcEFi53
465,6,28d6JjsyLhmdrxWjURhBCj
466,3,28xm7ahsuklaPozu92kyg5
467,0,29FhAyH7Y1icJLQYsjRGi1
468,0,29pEpJxecs6DV4UmTycxg8
469,0,29wcS6GWqMPIpmpygGDGdc
470,0,29xVBQPslzOBi0mBud4a6b
471,0,2APVTN27nKIFNMrJ8GXo8U
472,0,2B11k6zJ2vIJTjOiqz3Y35
473,0,2BHFkFhHw5LOxombGrwVIG
474,0,2BVfc3f1lCsTu4Fx2b9LHm
475,0,2BZPS5jzzjcyPG7oqRXqMs
476,0,2BeVmihvldSb6KCqGmczsq
477,-1,2BffhzeQLVNUREtdgdmkli
478,0,2BqLGNqDfnjsoYj03KWnnA
479,0,2BwfJESwgIVuivNnDu3peX
480,8,2C94lHpRH7bNOKRqPfUW4G
481,0,2CJsD3fcYJWcliEKnwmovU
482,0,2CPevbgkJGUPBf2iZwMTcf
483,0,2CTGhtfGhNoxAiv6fpMCks
484,0,2CTre8ethaMRRy7rA8Y4dL
485,0,2DCjPaJcuB12vum0joDM09
486,0,2DO1DOFnWC97HAgFXiddLG
487,0,2DSx3GB2rjtqo0Nq7ruyW1
488,0,2EE40cwV7lhrKzFvv0ON3o
489,0,2EhJXYCz96u6I7P7S6p4OS
490,0,2EkGQk11mQ1ZCxg1OtqhCJ
491,0,2F1dHbZX0CsSNQjNspGO4w
492,0,2FAoLu6AMxdo7sNOPot4Qw
493,0,2G54DG9ZbdIUnVBUmYEmjM
494,0,2G7pPddhsWGmEm3IS279VZ
495,9,2GZ2qofnmajEkNYEAbgShd
496,0,2GeTRfCN7amyFK69ar8OZU
497,0,2GpKzWx2S9FaKyk6cPD797
498,0,2Gu2QcUedMglAboUeVxNqu
499,0,2HQDZTbDCIpMZr1wpDNItQ
500,0,2HSU0CuPHU7fuMYmG6dVz0
501,0,2HZUMOaO4UxwJoqphlgiRP
502,0,2Hk7wnLTDAf9JF6D8g5d4B
503,0,2IOfjF5Y3PCG8eZG5DKlp2
504,0,2ITjSglwCj3o9Eg0l4gMKI
505,0,2Izs5KmWa6E0m5JELlvX7j
506,0,2J2HtjvO9RCnpN3bZmrECH
507,-1,2JXega55x0m56XiBIvHouL
508,-1,2JtkUgJumiz7K4AblbFlgK
509,0,2K6SHXkLfEcqDtpu69uWE8
510,0,2KP7CN0z7QXLbmScM37gel
511,0,2KUlnhtvcHlpa2pQpekIMt
512,0,2LFQAdxJOz6vDGC35cwwwX
513,0,2LIyeQfyicH6ZVyERVwfzC
514,0,2LaPNaz3XXTqkG2NxHASsN
515,0,2Lwo89v33839mlyrgDzbrX
516,0,2MepDCzimtCz2ytAlLUdUi
517,0,2Ms88ohKG3bh4VtaQKNuPn
518,0,2MxjKUw4KEoGQQS0SYFfrb
519,0,2NF4vQzZi6cwpYgwtbabw3
520,-1,2NG9PXmo4ItRFzZlzyC3XC
521,0,2NgC5KXeQXaGVUS0eQYTiK
522,0,2Nt7HAt405U9jflJ162diw
523,0,2OUKRAQdqe37DnbrGXeJ9Z
524,16,2PElHhxbOtTd7c6Tb5Ejbd
525,0,2PJMumS7miHhTiu0r00ArK
526,0,2PjVPkj4a9kBvQIXaZ6UUt
527,-1,2PmyZUdKF73W2X1qVSbABx
528,0,2PsfMo3l3azNawfFKdv0jh
529,0,2Q1HmtOsOG0927UBTFJYvc
530,-1,2QUxseTrOVRHfY7hEvTNzX
531,0,2Qdf189QiIgxTmvZ8MihQw
532,-1,2QnXgeIf2hOmwqQmzdNZdC
533,0,2RYNGyvmYXpkHTjyE1NxnS
534,0,2Rh4oqrsvHNldgdyKyBJfU
535,0,2S5oepw2j7N4U8TxIwTAKc
536,5,2Smyuvev6ZoA4s1giAzJNj
537,0,2T1E25wqcLIgZcnh7M914a
538,0,2TGpZvZfF4JErvCXVyeuSO
539,11,2TLM6PrXxjOtOK8EUkbJvJ
540,0,2TzFJ6TY7E7oef8XiImNkp
541,0,2U0ucqrFVa3sTvNI5U0Ryb
542,0,2U1L2QAmERQC0XblVKvQeG
543,0,2U1XN7vZsO84fbzaWaRtfJ
544,0,2URldDsLcVilINGLZZfzjT
545,0,2UlTLkowGoKgJh2PiqKLS6
546,-1,2VLKZe2u9ekO6dmDybwjaF
547,-1,2VuLItL5JvT6b3cG9K92O9
548,0,2Wyd8TrAlZhRdObs8kL52I
549,0,2X5lXUBinrsgU5DtY95AIJ
550,0,2XeiClVjc4N5Pv1Z3ZEdeJ
551,0,2XvGLOG93gFQFgpZMDoUbZ
552,0,2Y6Mh3UtkiZTcagpjV4PMY
553,0,2YEI1nY4VdJaFuFyOS0O13
554,0,2YLFKC30EhxWpgJOX4trFA
555,0,2YOT4eup2UQDAckxpMyAIM
556,0,2YdBr4tvSa8xX2ea4UoWUz
557,10,2ZO1D2MRr2Q7eJmLoYaZRf
558,0,2ZbGxSvXVLK0qKqTB7x3LX
559,0,2Zg0NRkPrEkVA7K5jZLs2z
560,0,2ZgCXi2zepgWRRwtLTn07n
561,0,2a2zS78KrvqA8J3muePPOm
562,1,2acOrxOZ4Aea8LFFbSmF5c
563,0,2bgJJzqf13obv1ia8HwGrU
564,0,2c6aapF70SX8TzjJQxFsHp
565,0,2cHZkT1suZuCgtyskQ11ex
566,0,2cmUEVjO3PA6QnkaKqLF7g
567,0,2dHxVk6JzjRKqHDI24E0ov
568,0,2dNg1M1dg4DZlSNBZqtXCQ
569,0,2dP0YprzQMo6tK2FPXbWpE
570,-1,2ddvw58HlxtNJzRhB0RDPH
571,0,2dowTFTw3VQnGdK5FjNcxg
572,0,2drj4no1EjHicINm9JVUf0
573,0,2dzyGXJxFyr0IqFi5KAIYX
574,0,2e4qBhX6xXMLJmiCIsyogR
575,0,2eFzii5h94WyzUaQyeeF5W
576,-1,2eG7CcdMMcAOPPme80JaT7
577,0,2eWWAvOCmagTG41bb59DSD
578,0,2esHfruMW8rAZI2DxQCNcj
579,0,2eyHyXBAjFMdylMi6lWx2G
580,0,2fOs2OBhtdGVUvZk2imTVL
581,0,2g2q9JXDXJ8IwPdWROXJWi
582,0,2g8txVdXca4IBiQGRcbhhf
583,0,2gK1iVdo6oR6XWX2QNTggo
584,0,2gUU4fiNI1Fuu1FWcR7uQh
585,0,2gnWYHMPsaTk8yZ8qN57qF
586,0,2gnWbakkoh5HYqLeZnb978
587,0,2h75kAecqHC9K3fqlLCs8r
588,0,2hHOkhDwLXXQGdXOTpbFWz
589,0,2hKjDAggZCVl4L8Mh4O2q2
590,0,2iNfczy11EbmhCGRIKEHCC
591,0,2ifHoL10xR8PPSHvrbnQ2M
592,0,2j11x5klsU1OkLodlIF7gM
593,0,2j8nN5OA6oxDJEL8oksMHH
594,0,2jDOmwYcnBzoIMsj15uY0C
595,-1,2jF5Tbtite11445PQog1WQ
596,0,2ji5tRQVfnhaX1w9FhmSzk
597,0,2k84Kn54OLSJqWhc4CJdzV
598,0,2k9IpLEss5HbPCzlIXT1DK
599,0,2kEGxoT0mIKUDUMX1zzW83
600,11,2keA8SdBR1xZnrgr8BhMIm
601,0,2kjQyQTSRIUxyLQ62Uniz2
602,0,2lQGefmAs2j016ClgsLIoR
603,0,2lS4zPwDI0VWnW62HHDqCV
604,0,2n12epD94yjSsgFDcI9PBi
605,4,2nGcEHyXCOyyFel2c72mUi
606,0,2nGwH8pCInpoOBh3dRhYEM
607,0,2nNjJXMLNDrmQcAl4Ln3jY
608,0,2nX3IjANSvgHJzPimh3aWB
609,0,2nn5ngM3q3Us74WC6p32LF
610,17,2o4yPegJPTzk9bhQ1uRWnN
611,0,2o8mXVOc8uu0yGa2ZENARE
612,0,2oSAB15ngVoltjpBhcYO5x
613,5,2oSTHQuSeLCub0KcGG8UdX
614,0,2oUPMokkGlm8MAtRAioMCf
615,-1,2ok6gsS0XmQ2tlwuK6svgb
616,0,2omeFtAqGQtLMgyUhrcgWU
617,0,2oyhHcyrYMUF35QYXvUl8o
618,-1,2peJPuYDQJMsmEpjqMALnl
619,0,2ppcwlKTcMu1wxq3MGoqDU
620,0,2qWgi8jrYOLU0xX24IT1YC
621,0,2qYCywqJ0dz4HqzOWYJunq
622,0,2qsFo5khJiKsY6ac9o4njt
623,0,2r35vbe6hHl6yDSMfjKgmm
624,13,2rL7J8CJrdksF944XqcYjr
625,0,2rawvxCqKajwnHmnRP2B9j
626,0,2s9ltrx6MnrJ4sUUbkNWhq
627,0,2sG2l3geYGVi0rnEtlSBNq
628,0,2sk8xNt1IHG9zOgf4mAf2r
629,0,2sv7pvh4mhHkMxAqDgjSZO
630,0,2t37FiRkQXHCrRY6BObLOm
631,0,2tOxiQM7nwOGpLvRHfCNHC
632,0,2teqFlKZz1polBDJVsQEW9
633,0,2umy8aebR2axUuwJcgWour
634,0,2v5CaPvcJa2Hw6jOaireqV
635,0,2wdEsZ1UGm95X3HuJMAhL7
636,0,2won53nwwpfFW0kNUCymjR
637,-1,2wq1prgnyylevCCzSyK94a
638,0,2wvaAt7GDBgmvXqquo055Q
639,0,2xL9YiQENNvtgg1tPHKADK
640,0,2xkflKOF1GuIlCv7LTZwzX
641,0,2xmIu0wJpdfWRnEJL6fi1j
642,0,2xmiR645NTYwE9WgXxmJ0U
643,0,2yY17thc02jhwh0aHfpiZV
644,0,2yofeyPwe0ZNmJHTrGz2Qt
645,0,2yy00iDoRrt87SQthKJEY6
646,0,2zc3Mg5H907XkTeBaiixqR
647,0,30KuF44FAuD3Z7uPuDo0nd
648,0,30NqYgwHuiUNIEqocmgpQI
649,0,30RcWpOunfGKlgbRCfitbA
650,0,30cX3b9ckr9Bu15ghR8lMR
651,-1,30mURBnFzJmj4v0XBUsyb1
652,0,30tHApgorKd6UvAcnySfIf
653,0,30zIqHLjwPVDyXwxduVZCB
654,0,31INIQTfctOwn99XkW3nOG
655,-1,31eNRyhpWV9ak2ShXHxHCF
656,0,31ekskWthC4IiiwRSMLr7R
657,0,31v0D0CyjFnVAvBGAQStRk
658,-1,327rpXWAj1ZiIj0kxHoz8r
659,-1,32IL9cYRsp1Ju79CeyY6rZ
660,0,32P0nawCuAlqPZUDCvzzLC
661,0,32WPuqIlamvYOXU7I9p6Ev
662,0,33wguu8DVxjlwQqNbklML1
663,0,34GA1og70ZK4hkMSZC0pXb
664,0,34MpPqqkyDUqlkXJzpMTWg
665,0,34QXEi5dmd6OHnKobuJvju
666,0,34WR6yuPTyXZALiK1KonX1
667,-1,359Eef7ftG3MiMK0UjDxfU
668,0,35CxOJDkiSLhDis1FqPcvK
669,0,35X8e3QqMnCVdghKaSzur6
670,0,35z3lvPfLnw4In3uFaSeiO
671,-1,36FbkL6RzNOl2vOfNvkmFS
672,0,36N3JvN9LwxXXEk4xKW9SB
673,0,37LIA8IcVpMhaWZY2V2Ujy
674,0,37QNnpdJWJni5jeaN0jCW9
675,0,37i9dQZEVXbMDoHDwVN2tF
676,0,37i9dQZF1DWVpjAJGB70vU
677,-1,37i9dQZF1DWWzBc3TOlaAV
678,0,37i9dQZF1DX0XUsuxWHRQd
679,0,37i9dQZF1DX186v583rmzp
680,0,37i9dQZF1DX26DKvjp0s9M
681,0,37i9dQZF1DX3FNkD0kDpDV
682,0,37i9dQZF1DX5CdVP4rz81C
683,0,37i9dQZF1DX6dG5zUb3q3v
684,0,37i9dQZF1DX74DnfGTwugU
685,0,37i9dQZF1DXbITWG1ZJKYt
686,0,37i9dQZF1DXbTxeAdrVG2l
687,0,37i9dQZF1DXbbu94YBG7Ye
688,0,37i9dQZF1DXeby79pVadGa
689,0,38jxcGHiZnngPoIpDeLtUl
690,0,399KBlP7nZOgVKeEyI91ys
691,0,39SXcKcvw7Q7FEoNbhDGLS
692,0,39ZlPfobSJuHm9UQZAN6qr
693,-1,39jdc6DxQkJIxqAXvUKExH
694,0,39nwlUs5E3KJAKKTjR8OER
695,-1,3AGOiaoRXMSjswCLtuNqv5
696,0,3AT4ZzWFeLsx1hzP7ly8ry
697,-1,3AX2VRvmjH8e3eb3u7wnpO
698,0,3AgSJWJG3jwXiJfT7dHVR8
699,0,3BPqYBfLQzxrGMfl7f8bCk
700,12,3CkCxnYyd5U2uIuuEUqK96
701,0,3CsUmvwcep0d7ieuGqJpx4
702,-1,3DKfzcgnI8LGwUliMEZQAW
703,0,3DLLs9KqhDjPHeWRn9Fblh
704,0,3DsvPEm9qdCKJOV9tkpb21
705,0,3E0bcZe9RyW1Iddizj5y90
706,0,3E63uDF3W3nxn9w1sJ7bHM
707,0,3EEU6JstNa0cnPzcIFnYpz
708,0,3EEyQ5PYlEjon7cudhhbBL
709,0,3EHwAS2gZyAF5hMWOBPBET
710,0,3EyisIuL39oLP6PQX0W3Ka
711,0,3FfFc0OOozIN3BBuUeM4z1
712,0,3FpUkD94tBF6bEEOr8nbHI
713,0,3G5loaocOwY74Lp3L3ObmY
714,0,3H1p2Qja7fyNItyW01SvXh
715,0,3HtTHbZ4Z9n014aSbPsUGD
716,0,3HubmobSLzBrbuphn4NCFU
717,0,3I5cNzsS9Fwcyxcw1JBTbX
718,-1,3ImdbpVv4epyws4YRIj6DH
719,0,3JDl8ZL3iPBcmiOusXuypo
720,0,3JX984v2WSM9LZQGVkE1Pu
721,0,3JeNwhOItLjQEnF31CUzAK
722,0,3JgkO1qzvA9YwwM5yKCAoz
723,0,3KI79W4gBILRTmfvV5aegr
724,0,3KYxa1WIJwanBKhTr9poa3
725,0,3LCoAqrDTc04dpSL1Psqk0
726,-1,3LHmdJZLNQOfooLiP18TP6
727,0,3LKDqNVO3Y1NVDeg9d9yy8
728,-1,3LSJAftuAhQ31PHIc00Sjj
729,0,3LcYWqcqaweT2TyyEp9oge
730,8,3LqjD5crMMOk5sJBuutd3T
731,0,3MYYtstX8CgKnqcBIpqkBB
732,0,3MkwtNNEBUOD4ib7RBHMC9
733,0,3MttR2y1rQAtaRG0s9uAVj
734,0,3N2cuu6YE8ejDuFg3wHZgi
735,0,3NJMwbJd80SdB4glyaLViP
736,0,3NSwYPs0boNCF2YXLosPMw
737,0,3Nl4ANps1rqsC7M6kDUVxi
738,0,3NleM4Ix3wKUIjDAgZbaLH
739,0,3O0kMqzoS3M9iir5FUzkZS
740,0,3O5cscCkI0ZuGuGRSJTqnv
741,0,3OC0YgkNPDVb8EzUcBQq7n
742,0,3OZSV0LUoVKMWRRPMTG5iY
743,0,3Oca0XkRUH5genjLnQb28R
744,0,3OpgsozPDRYYb3sdlHEObT
745,0,3P0UZjD24Zcv1fQeKX0aDn
746,0,3P5y4vqapuuFxredMYpGvw
747,0,3PKZUeRVMgWLItAIJAfluQ
748,0,3PgsG5UAMNzW9qHU2Y8i2p
749,0,3QxjBtbP6EgMmHhoBv3x9N
750,0,3RPhzvlMf9S74uJQz3UtSj
751,11,3SAdTVN0mzSfTzZYdAN9sn
752,0,3SenHpGVfxuTE6s0wSuhwi
753,0,3SylI1EfM28NVX7njSyQBf
754,0,3TKNMCDQWHsQ0V5abUmGAC
755,0,3Tx34cuH5RVYaeIvWR7NqX
756,0,3TxV2QhbF6JZxAxeWINOpA
757,0,3U6hsbkXCoetMh9khioWQX
758,0,3UzocWAbharvxuXLcGSdyZ
759,0,3VDGuan5rhIv5LMavJSROr
760,0,3VGhjuAXKQbfmP8JHEVMMM
761,0,3VJKmOm5peMj3gKKJ0w3qy
762,0,3VivIgbWyj5Y9A5Uw1tJU5
763,0,3VsQLGsSRXwIZFPjhCQYuP
764,0,3WExXPTNaCFoJeb3TWqgYQ
765,0,3WPmD8L5xE3ZRnIA8nUQTV
766,0,3XVNts59YNJgaaxP1OBTER
767,0,3Xl9kwe7QQHJ5HZT7bK7tb
768,0,3XpbWK7ZT0bFItuLbkAFkI
769,0,3XwOt0uV0uuWt5lA3uSZGx
770,0,3YJe3cIXVuL3Eh3b5QoEu1
771,0,3ZeVf5rLf4BQ3FaXMRx0JJ
772,0,3a2uEGwpFMsx5yElqE8LMU
773,0,3avlCCi2tBoZCDr7c9hzWx
774,-1,3b1IMAZ7wRDGMJpi6U3vyY
775,0,3bYwOSdcu6cHzxtXckYW03
776,0,3bhUnGGBmnz2sz46XaqBw6
777,0,3bqnak4XTSatGLjn7yJ1jC
778,0,3bwHB0zIWuNdoZ4rw8zmQB
779,0,3c6WFfEreaEuoI8hsSlNE5
780,0,3cnN83KCOMrszbUgHeJuwj
781,0,3d0dnOoHKKk7XmtCIj0XL6
782,-1,3d5JMkfhZbekwyP1DXUyht
783,0,3dPpwNszODZePuKxBB9gT5
784,0,3eESJL39GLleFiDGhEXp52
785,0,3eG8Ulg1ixwU3DPpdgnnGi
786,0,3fCzqkU0pL5iL1pYzQZRmR
787,0,3fTPZVU1OhDN61AS6SJ2fp
788,0,3fXujcocUoHR9FvKG3A9ws
789,0,3fqyxQ2708JgQPqFYXDWws
790,0,3g36XDK75PHLYwiWOFb8df
791,0,3gCcGBQ3xgY8FXn3uycGRq
792,4,3gClNSPHnnsqAj6E3PHjgi
793,13,3gPKLkHC8eVJ0jlbxwABsP
794,0,3gR9vqf8v99jJaHZ8DUqYa
795,0,3gX73T0M016T7BcZNhLe5o
796,0,3gcUHQOHu29KLO5pwGXtgC
797,0,3gkT9N0mk6mtwz5ApPWSVn
798,0,3gzYloYJztPN0YLabT97Mt
799,0,3h8PSvzoY85NhAVULw27PP
800,0,3hPNK9dAMojyvt9zqBd5tN
801,0,3idb9ygTOY2WPub0RKUWxW
802,0,3j3hkFjGvu2R4wJ4UOMIBv
803,0,3kYp9GiYGDfDz6SLTLzyzy
804,0,3lNSPiQHMfwPnJgNNyZavP
805,7,3lcyjnEQDiASuBjLKcNjji
806,0,3lrSX5TYpwpupK0MHmnPHK
807,0,3lvCUtqbRAVjeznroRS4cA
808,-1,3m63xTSCvzPOUB042OO6I7
809,0,3m9sAsxxkKMftj8iqEmYqz
810,0,3mFiXe7jHct0JvAYmeO8Ky
811,0,3mYtOmk9rMdJWqVyOiWVLb
812,0,3mbn5ZTGr2Uty4KwHhvEhr
813,0,3oVs9KQpc3Z6KGeVRWDi3H
814,0,3okT3gkhA8VL0wNBg4uYOA
815,0,3pKxiTbWH5Tn8keXtmXVri
816,0,3prkJGwI4ICmq80t7hJa2q
817,8,3pzVUerxBVVukruHWbD5vE
818,10,3qNyVUJ38h0N6GrbfNqtTJ
819,-1,3qg97zbZWdI629mSg0utS2
820,0,3qkd1YmOcg1HlqvvdnmckN
821,0,3r1NsCxYaGenNJUAUlw2IF
822,-1,3rFuTZpnwNtMeAF6vWUAKv
823,0,3rVHOZUUjxFAb6pvdb3Qz8
824,0,3rYg67KOOk9jiaBeUwSoEd
825,14,3sw0t0icwozVoQP5J2Z8cX
826,0,3tBK0zMvn0Q07ZHjKIVyKi
827,-1,3tCDwovLqtvzk0Vx78tkAC
828,0,3tcdJbbuGcEjcZGuyRyXST
829,0,3tmNepDFvg9X5jIKxj5bin
830,0,3twU6Im3NGqm2ZCevRo7Yg
831,-1,3u8gXGjEXe2lnqXbLuDogL
832,0,3uE0lR9Eg5EQg1nBWDRkO6
833,0,3uHhkxS3lOF1AqlYyUqrdH
834,-1,3uIRwFI52BOC9VK8yHWZnb
835,0,3uJzO8QugQucmYM05Spnrk
836,0,3uXqibDQrQehCnDVGFtOGU
837,0,3vQYj7DxPaa59Xur9fXiVu
838,11,3veHtla746SiHzxlmYOvku
839,-1,3wMu1OPURYCPs88wzLfoJy
840,0,3waWHTLswNyv2My3noxzyb
841,0,3wiTZ1wvZeUVFRLKZxZrPL
842,0,3wjPs3pZiBROjNC2sgWJbN
843,0,3wsUBen4H5iaWvOIvWYgjn
844,-1,3xBge5SNGrYMf8QNF1cKqi
845,0,3xXFzL9SHL2aus9Y785DcJ
846,0,3y8Ihu92TnK3SqGwN0CwGP
847,0,3y9YX5UHmvT1FJwKJ2RamW
848,0,3yN06UgNgvrhgwFEkgvPry
849,0,3yaarXoPzXWHxge2DLTBzg
850,0,3yloTIbBJqb1OaL3pLsknE
851,0,3yxOMN7xDqkvdfBVJ2ndLm
852,0,3yxxhAOytpvFjMsnFfTql6
853,0,3zIAeIHfJjnZo1UZdFUge9
854,-1,3zNBiWEyr4RRruBsymdMNq
855,0,3zqswL9YBqditRz7PXx3TV
856,0,407Ny1zTqxfEffgcWq7ZE1
857,0,40aflDntVoWoujON9O08rC
858,0,40cUslvNaG9xArfLST4b38
859,0,40lnMo4S540DVdG7mOwElC
860,0,41P6H6KTjQieW4xOKgZpa4
861,0,41g6blW1IMJQfAuuCGivi9
862,0,41rJPZ1LSS9KRvmhRMpkul
863,0,41tRXav9xoovyj8PIBqRRz
864,0,429AhnPSHFmHsPrdLu1Zuj
865,0,43EKblqJqJtoGXvMbJgFK9
866,0,43EinI44yHheAsAimNiTBC
867,0,43Yim9aRqJJ5Rmq5ag8XRJ
868,0,43d2SYxXjxiMiEMyffLUHK
869,-1,43mnKzy2LaOV1q6LhsJERY
870,0,43t9XgsVkBlo99zHwZy1Nt
871,15,442HJfzas48kyBtYxkiSSD
872,0,44S09uTRLrW1xph1JD5lKJ
873,0,44ihVyLFN8auqKcncRZr82
874,12,46H2TJeQ7lHj4AgSWyvdMb
875,0,46gGnyVJJLeZs1bVLdSIRZ
876,-1,46tkZyQberWvWI8MeF2dWZ
877,0,46vezzh4maBKPBXaRrtDTO
878,0,47FSs9dIpHqWuT3iLNExqV
879,0,47NsQ7MLnrVaBUnYTYDNrp
880,0,47nKcjG8LF253d1tCT1goT
881,0,484CB4GAOYHLPu7fpnKtgd
882,0,48SAEROotOUlZ0LCKGdSw1
883,-1,48uMxW77x2hBPn459okBO9
884,0,495KyiFkFAlBdD98jvw7fh
885,0,49RoQF55lyRSgSZwRAHh5K
886,0,49VGWoHA7HXgPKN4FYCPMJ
887,0,49iO39o06XXpVEUrQHT3Kx
888,0,49wGZvxAU0sNYKp06M21Zu
889,0,4AMIUvL2rMKlY0op4lNsX8
890,0,4AOYH3AtD4nvEoEp97TgTt
891,0,4B8CRpdu4JO6Ab8ill5GPj
892,0,4BmaRBdBYoquwI1JBG1wgE
893,0,4BnbjGAPukluESoD14E0WM
894,0,4Bqp0DKDkP6tslbXQlbOi8
895,0,4DJZklsFwsDb981FDPvHwU
896,0,4DisGGoGxehaEcT7LKie02
897,0,4DkSDa7bJQaBL9Cwlc8hFd
898,0,4DmyX3OiVMUKAltW0IciCn
899,-1,4E3K9oQgvLcKEz0wgBBXxD
900,0,4EOvzH4guWjtLbjfxMPLO4
901,0,4EWLNT1JQu6cXYa1pNU5Ua
902,0,4Elh9iKOUgZ7FUO57In2CW
903,0,4F4mXAn8zdqVQNfuYojyGP
904,0,4G0ZzUj0xGHJeOa5EfA1og
905,0,4G0i9J61p7xiioSzPewyri
906,0,4G96LYbf3ou5wYQfn0bbcs
907,-1,4HiLVQvLMFLOZBiDGThuOX
908,0,4HmPfxawr6XWETdoc2WvIN
909,0,4Hv5Krn5sZYH1g6Zk2JE4K
910,0,4IlBgq1DflAVFS04PT4COi
911,0,4Inl3YFJsaja2yb2HV5Vzk
912,-1,4J6yrNijFPtucEGy5SVXCh
913,0,4J75l0Bc0dXoqSeSa29zKJ
914,0,4JRLjO1Kw7z4VJsg2fStWJ
915,0,4JWXDXRVYptI9ConUyvo75
916,0,4Jw72AVGpoJ77828L6Wh2M
917,0,4K1vP1GnxgEkbSgEUbkict
918,0,4K2odt2Z4lGMJw2leRZVDu
919,0,4KRsDF7rO4vaK8njldLBnd
920,-1,4L1uHh1Nh8iJsR1ZNYO4Wg
921,0,4LEcInCR0OmZJ26kXiieil
922,0,4MPHzOudBlgy5iDfqaegD6
923,-1,4MWm5UE4iXBBNahUEDDqeS
924,0,4N9gEsGYh428guyT25fbpK
925,17,4O5gQWUFdS7csBrlGebh2u
926,0,4OHlLEj27Q23cAK92IpYVZ
927,0,4ONpWlTNfbJKal2xeCJF1k
928,0,4OxX9SacaIQvngp246qmFu
929,0,4OzcagmKTvMXX3wysknpMy
930,0,4P0oG2IMbmC0hV6pMgdqAA
931,0,4P4Y3VpJvdfrp2Vtt2Ca8K
932,0,4PabgcDCG0tRiEdrqjCAcS
933,0,4PhUGHMCjZKUOnk9qBjywU
934,0,4PuKkDdLmTqmGp8zuNsnAD
935,0,4QYcf1xFE0joGIUgKhvV9I
936,0,4QZ4F2Yxc6RLx7ybP0Ozn4
937,0,4QaC6UYRVgTWyuxzFjlcrU
938,0,4Qn9N5XzOsSIYod7cVTtUG
939,-1,4RAvlf0J6xj1otoiJn2c8B
940,0,4RPXg7cC0ZfbmtRfdRtltc
941,0,4RuJqKkrx3g2N4dapNuuNc
942,0,4Rya3goIO1SzQxYprnUiCo
943,0,4S47MLWED3XE1o01JXhSAh
944,0,4S7AfDThxKORs7bThOixpf
945,0,4SqQ97N3CgfssiAUUvLsBN
946,0,4Sx2EPX1X39uqAVfaHOh4V
947,-1,4T0YtZbMnjlBAs3jpinPfg
948,5,4TR0FhHBH4z0HQR7lr5fbm
949,0,4U9DRU58e6pXyeOWw56WSC
950,0,4UCDPOVgq9ID3zKFbhRG06
951,0,4UjnuA7qBv6aXRt1zk4Qdv
952,0,4V2r7rQqLcuPNTaF1yWBcr
953,0,4V6FftB0FLSeIOq4ppwb9C
954,0,4WHsKF5FEGScUEsinltWyd
955,-1,4WJCxqvf8BTDz7gM2w1VBQ
956,0,4WXgRaznGBiIRYlaDvsxL4
957,0,4WrdRdgAh8ODIWi6Bgtw2u
958,0,4Xa2AZ1YFPSrQLsERlYpHM
959,0,4XlwUnGrtU55WLEolbkkQ9
960,0,4Y5cl3F3kmS67JeaxcMWCh
961,0,4YGs7e0APs934ohswH21dz
962,0,4YhsLchD2GIWilyDOq7uxZ
963,0,4YoUIqdwl1IZjf36q4NBjL
964,-1,4Ytfn72jrbw514hfSDyEJ2
965,-1,4Z37Bh1XZPLuDOd2b9KHW9
966,0,4ZJ0YgUdGIGBSwbIx0My0k
967,0,4ZQHdG7RxH6IcmRpPvNMve
968,3,4ZQNqlKwDCPSeey2y7kwlD
969,0,4ZtBagPhSV2ShVf2gkXLqC
970,11,4Ztj2d37LVdIpUN9czhcQb
971,0,4Zy9pWKQlrupFkDaJECFBw
972,0,4aS6pGzH2Pu8DdIQAEtbfj
973,0,4appoZOYaVhPVdi06Lax0R
974,0,4azssadjHzbQGrPQmGELJR
975,0,4cJP2WtIAaNMidqXjO7YHj
976,0,4csIMGPI3aGo3Xy7WG8jBi
977,0,4cubjAd1Bk5ByEQQxQwSjb
978,0,4cvzx1vo9Zo5bjS5uFyYhv
979,0,4cw1wymkSD6bviyDty6ZO8
980,0,4d6wvpHsCFr9alknIx25DX
981,0,4ddslfKP5u4dpiZ0X2LT64
982,0,4dew12AVbDwipohVFYWCrd
983,0,4djOvqtHuQQJWmJF9SZmZK
984,-1,4dss97yG2Ac9ocMvZmYnkQ
985,-1,4e9erfhmTVFKMTAF6Red48
986,0,4eNsUbEhUYA0OxkoPR7NJp
987,0,4f1AxjwGIP4kTYveTKLxLz
988,0,4g0E6qfkpboo1eAeO4Tf06
989,0,4gKO9qLyhMtGE5xBBQBVyK
990,0,4gNnityPeTgjflOlMVraJH
991,0,4gco5Wkds8LpelLjxZBESf
992,0,4grwUwsxkSnFHkkxnsNB5n
993,-1,4h4yewBqhRhGtXjhXGwloF
994,0,4hTatfFNnnfFHZVu91uWOV
995,0,4hxRXQVaaqLCaLFLipFIpw
996,0,4i9ilOIkmFL4bn1Xag1G5n
997,0,4iHxOimwiEp1BgoNoqZq0O
998,0,4iUM8xdzMKnXXp4v5lHRdC
999,0,4iiZhtC5QrzPdCxmLtHK6N
1000,-1,4j1neWzcUfjVxwV3A4GyeA
1001,0,4jEnpfLOJu9kNel4aEqTTS
1002,0,4jN50yTuyFI7PrgW0kciQG
1003,0,4jVvhTA6Xf56C1uBR48HVF
1004,0,4jk9rIRlHcs4KCCNcOXifC
1005,0,4k3QWfCWFSBQE95YbOPBvs
1006,0,4kQovkgBZTd8h2HCM3fF31
1007,0,4l1CEhc7ZPbaEtiPdCSGbl
1008,0,4llQq4HySENzqxF6HyFBA8
1009,0,4mb01MuG8vp4KO5VlnBKP0
1010,0,4msp9uT0yrpXwzsw5lyTBh
1011,0,4nbeNpyFerOtMvB2hKw4s3
1012,0,4noDy1IQejcxDbTLvzuWhS
1013,0,4o78SbI3E5nCs6UmlocRha
1014,15,4oZrYhkzAaKgSndowP3xQE
1015,0,4ob6stWLSkfzamWSqRsInC
1016,0,4ozqczHT08Oauuizoc7o1L
1017,0,4pLjgRyqNEhd3tsRMzeQpT
1018,0,4qIfhRlQU01fKnEeJOXqnd
1019,0,4qML8BWbVdD3qgN88ZcaXE
1020,0,4qPRUq2muVHuBQ2xxYmB6X
1021,-1,4qpF6hu0bBBrhrLuHgAUTR
1022,0,4r9Xuk7mgZeVMzSZEqJCOK
1023,0,4rbmeSijU8pwbBjbYp3OOQ
1024,0,4sAthfeRmYDSCqQTKN2Y9k
1025,0,4sUjHe0M6duXHid5tJG9OK
1026,-1,4tiSGIc2KhRF50iu7a6toD
1027,0,4ulbYDdJJ1TnugAPZwdSqs
1028,0,4umrXwuLp44wmyXEFGVfxp
1029,-1,4vGoXR0GZikU6TjGyMeIOa
1030,0,4vhnVUfUrASdaw8lWO0Yy7
1031,0,4w2uGYso4xbRYk2d5vs2E5
1032,0,4wM4RwtieHzYpcvDIlaeSx
1033,0,4we0ExDPMImQlFZv9UwmgO
1034,15,4weJrenYk48L4S174lzxEW
1035,0,4websLZa6OJxozrsHjk2Yx
1036,0,4wsdmGsbkFz2pfQKUqg41p
1037,0,4xoJDFFsp4wlQ8T5MdHe70
1038,0,4xzidmav7s0rl9pTZXx2Xn
1039,0,4y7d6vCgZA0vS65miDa36j
1040,-1,4yJZGZa8wNT8UVh2NgERJo
1041,0,4yZd2kcbMatawYQZzg5lDB
1042,0,4ykrONBhOgPr4sMhAVCoPx
1043,0,4zlZ5UagBfQYTOhc4JyVWd
1044,0,4zsjjE0uQMsXNXHEcper8L
1045,0,50Tc0lnluVYtxFbWEX4SiM
1046,0,510JTTaleDuqQwh3hrR8TW
1047,0,514Jq6vxljydis9geuB6l7
1048,0,51UkIAIWZwzn0pav4LTixC
1049,-1,51biBjLnacQpfoBUxkxsES
1050,-1,51kYHZjh70bzEVHjSteAlB
1051,0,52ACE6I81VolKNNm8wmFXN
1052,0,52dKRnvposhunY21dydYft
1053,0,535miZfPYeZGg8kfHAqcgO
1054,0,53AiOK3JhGkJtquqQRCaJE
1055,0,53COWT5ThwdPfMp2BNk3ps
1056,8,53L0lmBhmE7Umjri5vnpHd
1057,0,53piQaZBey1bh4T2WY9doa
1058,0,53wUzLvRYlCaVOMUSVfjiN
1059,0,5539WXM4JKVjFKdknmOYZi
1060,0,55KEG7XvDnQll1aMGuinzA
1061,0,55NcNNQCBPPTAgOtrKoOli
1062,-1,55hz9BjUnVrMR0pEQ8Euhq
1063,11,567BqyDwZgX5SuYZ8HsfVO
1064,0,56CUEEMes4ZhMnrdW1pGEG
1065,0,56GEg26nq3zMFopHlpdxFm
1066,0,56H09Dem0O4AqpLUyfhyG6
1067,0,56evsbUFVRRd56Nsn7q3uQ
1068,0,56iAVCKdEEB3gyR2LzPkdX
1069,0,56xsszfvakmuJBCchxFwhb
1070,-1,57EtSaU22Hw1OmL2NaKsCV
1071,0,57J3BqUBZB5rEBr0c33Cm4
1072,0,57RoRRZoqadhWtjTZHVEAn
1073,0,57z0jHECRf844aeu26iMm5
1074,0,58GRt4BQSiERSnMKZxMaFY
1075,-1,58TYXM0K6GnvINLZGuSLfH
1076,-1,58jrDPO8gJlbjjlPtIDxNr
1077,0,58mt11tVZa7cJFZGF1Q14j
1078,0,58yXyoiRZ6ZdIqUp9HTMZw
1079,-1,595cY5S1FpMpiEIWsk6dG7
1080,0,597pklZqx3pArtg2BgvksO
1081,0,599bkdeQn9Iv2lhrC3c9xz
1082,0,59AL7BTzQgMjqK18shRPNs
1083,0,59W4WD24PemKvocklUeAN1
1084,0,59ooBeY1s0NEgi0ZoiAmKK
1085,0,5A1jPIIGL6FSpirRQlelSR
1086,0,5AF1pplkAt4P3ojx8JMk6i
1087,0,5AbHPERxV2NBOTyYwEIjiB
1088,0,5Apj2zm0t1YYaqYP1VzzIL
1089,0,5BKSfqUM9q7Py1eHsgmmAG
1090,0,5BPXTlnRsRqvCIpAwQOIic
1091,0,5BUWWZuXtXpw9o2sHbcWKw
1092,0,5BfwI7bgzWGXT2XvtAclTc
1093,-1,5BoKdW4cdbA8PsTmD7Y3tc
1094,0,5BvSOaCOqGfOOfWaf6wdsy
1095,5,5CBIW1HcUqShPJjD6sfzcR
1096,0,5CC3xzX39TZ6qE6o8DalW9
1097,0,5CTUsg6yLVXdrQtWn5OhC5
1098,0,5CdSYMr4YcgJq1ZJfUtP65
1099,0,5CorV0ide52jVtclM6fKj6
1100,0,5CrMdCjnCYxAwKyTrmi7pN
1101,0,5D6S8krP6o3ZGjOHnEXBSL
1102,0,5DX3QotZ4oHdCrF19a6DPI
1103,-1,5Dymh8bamKIFPNEhkaV8R5
1104,0,5E1PFHkWnRYprtE1Bv7aqo
1105,0,5EDpF0q8sQKaDhFGWovTyH
1106,0,5FDhSkK02f16QBTOzEF7SP
1107,0,5FFFsJpoD4RDZJUO3AEurV
1108,0,5G0f2zH2I2ivvIcvaNS621
1109,0,5GPKHIkG36nDcejcEyzYxo
1110,0,5H1QhFikQRBg5oSlzuHOB4
1111,0,5H4CESg3bSUiOsGvkJ2Ahl
1112,0,5HF3h1Y6XwlWgmFlIGvLUG
1113,0,5HVsshHbZrYgiwlHiNyCnF
1114,0,5HYnMEFnXw6j9Xj8DIth0f
1115,0,5Hn8c9iAnhhxq2XtRbKfRG
1116,0,5IOd0TC7rfqI0N3kghVkTs
1117,-1,5ISNiobfoghwsE5Rl8SaUy
1118,0,5IWEL4kRqULBlRRK3qupSX
1119,0,5Iyj795ECPN2X9PaIYqUj9
1120,0,5J9mIPwLxRXPPi9DndfCgN
1121,0,5JPDF7ZX4pxdSxwgcMT0ku
1122,0,5JZObgJHLgF5ZbbY65Pz8r
1123,0,5JfZO0RegLPV48FIrTtH7g
1124,-1,5JoDbclY8x7d0SkKq3FR1L
1125,0,5JpkdzDBL2VtoLv8L1ZZ1C
1126,0,5Js1r8QZClom0DB7l9bz90
1127,0,5KIAiAVG6zptFNVWqkyFWc
1128,0,5KX5vQlI1hkdZfsoiVuKyr
1129,0,5Kload3HJOVMsTIbw9cONk
1130,0,5Km1I09buQsZsdWRyCFYCv
1131,0,5KxfBT8Csw3YCCeTfipu7O
1132,0,5L5HK8K2b4i9znWX2jg1sq
1133,0,5LANlIQ8BufKpJg2ypD63q
1134,0,5LKNtk4dmIL9VqWgBQMlnf
1135,0,5LTkztyt6w7gJ9l9ze1Nt0
1136,0,5LXiMKRJvHVfZIH0l0xvmS
1137,0,5LstiFMuh2QgM4feea34ht
1138,0,5M7Xai2ZBMEMs8o9f2JOHX
1139,-1,5MP6M8JQ3Mn11iK5xNMCvk
1140,-1,5MiUNFzBc7Y1Ccq7iEtex5
1141,0,5Mn7ZyPpdttwhoZUi2yHTH
1142,0,5NFphS2mREHkh98NmXcex0
1143,0,5NG5IT9RRublesMDdc23cB
1144,-1,5NdEoft1gPju4e27aluKB0
1145,0,5NtjgKz4doejP5HJtKXFcS
1146,0,5O2KF50ZaNC3oKkEKUdJQP
1147,0,5OBsctGH13HG9YwxkdmeRD
1148,0,5OhjR3QIvNYUdsQVuJKWmu
1149,0,5OprvQTPlHDXM57k5iZYWd
1150,0,5QJ7ytA5oLJYnq9ihf907q
1151,12,5QKBNp5wM86B42PlUmAbWz
1152,0,5QQWqI4Rmyhoc11B4NpTXy
1153,0,5QwY86P36s3FHMi4eFykZz
1154,0,5REmUGaylWTCQ0bx16yqlz
1155,0,5RFhEj5l0jsWwOQC2CCcDE
1156,0,5SQWUKKxTxtDTV5Ugwnepk
1157,0,5SVgeY8U27YN1phVmBVjnY
1158,0,5T37iYhwAYkWDvgqWgf8BK
1159,0,5TDUxdZNAcif44dXcz3uXm
1160,0,5TDtuKDbOhrfW7C58XnriZ
1161,0,5TF1ki4BzMFfotw57juFTY
1162,16,5TSQxc8pYO0pALA92qGXSh
1163,0,5TtGuJhGPKgrjZ9Hd9C3Hn
1164,0,5URfCvJw43j6HP80Ojxqyr
1165,0,5UrnO2mMaL2rpQXFYu3BQg
1166,0,5UxVEQQcWoLNwijAPAXXVN
1167,-1,5UyP6mS6uZtwqbT0tQkZTX
1168,0,5VLW6Ry6ZJanZTZak5yQ7B
1169,0,5Vypn3rrTWpxW3VDcI1R5B
1170,0,5WGzFLJScXcId0N6Jmb5GX
1171,0,5WObASKvH2O0WCDruBPho0
1172,0,5WcUnQVgk5ejIlkqswMegz
1173,0,5XOuus7WoZQDdYtzNA0uwK
1174,0,5XhWQ3SCmpw68CQJdEmifJ
1175,0,5XlmNxFqcSYOvZqpe6iRZo
1176,0,5XtsCOUJyXyvTde5fqoqPw
1177,11,5Xv909iBX7UOX1LJ2LGb31
1178,0,5YSZhbSTqcKDwK2aZQxtry
1179,0,5Yo1R6n9GFSE2ZnXVeZoe7
1180,0,5ZG5RDHM8u3c86yqesEXI1
1181,14,5ZrTZ0CKHW6SPfup52OvDd
1182,0,5a73bu4hh8I6V4wJoqb186
1183,-1,5aFhzstqyUPMzW733NVvlG
1184,0,5aqJ08l5BXVwxeRh33HJLj
1185,0,5bV2dQlAnjL3qepOgxsrHw
1186,0,5bYALRG460A9NBydIPzNJr
1187,0,5bf0gy8ytEScGPcGBFInkw
1188,0,5c1DEqd2707N9pUffcVhjM
1189,0,5cZJFurqBtZUyoDHN53hwU
1190,0,5clYcYEDpU5E1A34hVNR16
1191,0,5dkFwiGEIosVrp1MsEMzJ3
1192,0,5dmfftgKRGJqhyhQBXU88W
1193,0,5dn3JkRSBJ17sOjFd6ofCb
1194,0,5eIKX08NsOrmKcazoWsqjI
1195,0,5eQnogzVhyp2kPqwhJLGFd
1196,0,5fWeZI5FLdUkowl4qaglPi
1197,0,5fmdWO9rpnZRx1nXbp2lMS
1198,0,5gTqr5OMvL6ThZVHlCchcH
1199,0,5hWptzO88cWoQwvwz5G1kK
1200,0,5hacfhXkKaDXQ5WrgaJlRx
1201,0,5hltyRfMXxppPpL4xS9Ji0
1202,12,5i5TZR7GiUJIVzCX96ImnY
1203,0,5i70P878XYWENAmwhqGWZ3
1204,0,5ilaLGwMK0w8uIJ17w8F9P
1205,0,5j8pD9GgZ3r18aJ0ZRRgNZ
1206,0,5jNXQ6hQObkJvzi3thEbUs
1207,-1,5jNrphFqELVsvxDR3ZwSAx
1208,0,5jPUXbQIpHzvf8Do4Q4LmB
1209,-1,5jRrD8ozeetMTVUCJAWu1k
1210,0,5jpKrLqZrBe4Mm375dcaye
1211,0,5jpLx86h9Nv1F71CjeU3nd
1212,0,5jr6CYUkEcaILYlRbysVEO
1213,0,5jtk6aRCOoq5iJQgWX3NPD
1214,0,5kUKo6k1kIGU1lEWyJMyeD
1215,0,5khkENtkAp7RWxzBsxlCzF
1216,0,5lJL426xXMm6nwd1xkh1id
1217,0,5lNaD1RrPiEnZxKmUzlo3j
1218,0,5lTy3w4iZbOAdJPWV7fEN5
1219,0,5lZUKfSSxmMe7dtn4xzYvH
1220,0,5lsBQtk7MMDadAogpNKv9D
1221,0,5luLzoQGyTQOEKhawTDvaD
1222,0,5mO6CJd69kOmJrLhBfkKLr
1223,0,5nVWjL5eUmj9ywMfZUarRy
1224,0,5nh8OJrdKD9BxHJHPkGbp7
1225,0,5nq40kyoTGcE7c6lBswmSZ
1226,-1,5o46jBydbJfVNS8nSwmbKo
1227,0,5osZEU6mnugcmPA71J4ogL
1228,0,5ozn1YaCFlbuQMMhqPVOYM
1229,0,5p3MuzdnEp3mGUCXhSiUDW
1230,0,5phmwPl62qtsFglj5M6Tui
1231,0,5piRqG3p1HIo0dKqvngl8p
1232,13,5pvJLjAhcKCHXGOb7pEbBZ
1233,0,5q7tdVbe6ugxQvlRCbIgkc
1234,0,5qHZqdZtMr4nIDghQxI6JE
1235,0,5qIQS9RpyuESMZBCO9FSqT
1236,-1,5qhvTY34NvyjEhWjYiSn2T
1237,0,5r7Wxp7SNaUnLT14Yt0jSz
1238,0,5rlRu80SPwnBf24FuQZdZ8
1239,0,5s3O4cWUdwujytRaKXGEM7
1240,0,5sWlPwRBsMly5EC5G3KCQN
1241,0,5sYnAK3lM2MWxmwVd7GDj9
1242,-1,5sgb06XdH7xlziL0WFQDh0
1243,0,5ssoiBcp4EO11jv17ZC3EJ
1244,0,5tYumf5xzcB22BBZnXWQuI
1245,-1,5tpOGa8unbNqxC14TNJGju
1246,0,5twuCRBQQ1mSKFjll6oFxP
1247,0,5u4MiYSks5gArEDbbB2zI4
1248,0,5uuioRoschR6874AAifLCi
1249,0,5v6GlYB0bGwqMfnOUcWs9l
1250,0,5vNcIcM67iWtoCCSuxp8D3
1251,0,5vYA61x2kx6HHPhAx85P2h
1252,0,5vjPjAUsOcqUNas90acSMg
1253,0,5vwoXRfTCZc4GbeEr85SxS
1254,0,5w99BzxT7OOCz2oEkKCReG
1255,0,5wANNBuZhjIYRrEeNYYeWQ
1256,0,5wdaUSbTSTGZaMkz9Vobzf
1257,0,5wn4eI6bjcwUmyjtma15Ip
1258,-1,5x5VBLpyTHxwOGjmN7KCPX
1259,-1,5xpSGrkfR2MsYDfkjJixFb
1260,0,5ytgQnJabvz8WSfY5jJuP6
1261,0,5z9Aid3cIqc3hF0lEksJjg
1262,0,5zGec1tLTNKYiSgzXshCPN
1263,0,5zI5n62RjsowYVeVCXZPw7
1264,0,5zTyiUPHGTwWSAzxq5B26C
1265,0,5zyyJU7oLy88znoDsZ5H21
1266,0,60XVOmMeSorE8ZgLVpqDTN
1267,0,60e1Z1xUBgabBV0PCWe56v
1268,0,61IiMldq1QF6CIBDBkLwc2
1269,-1,61Y6IrXoJtfqkYDPCGgqia
1270,0,61xuizm8At6DCwGHJZTmB7
1271,0,62aRdPzpqnIRKqDtQfrp8v
1272,0,62aTmrLRUWaYSFGbrw23RJ
1273,-1,62ac5aeoJXaeSxBaCCe59u
1274,-1,62ooL1n6vf9wF83xOtzcXf
1275,0,638cn2WMZea3FRuYPjsf3R
1276,0,63S2mDEVehoy6xHXfZV7cP
1277,0,63XXl0RczmF4YKcKXBSwf5
1278,0,63cMB6ED7OxsjRrVLqOebZ
1279,0,63eSIZLn53YGxXPB0ECeis
1280,0,64MPFts8BYzoYlOrpraHAP
1281,0,64OYxJpYHiZl6JYIIhR2td
1282,0,64ZjTfQ4y9nLQkYzoGprNi
1283,0,64vXWJdPsUit0xXnoibl9p
1284,9,651tCKxsFrPdd6JQh0TdUw
1285,-1,659MYRmo6A38iReC47qmzU
1286,-1,65Q5p3A7Z6DUtcMgs3qQfD
1287,0,65zAVq80IECoxIwNghwbGf
1288,-1,66SB9moGWgjx3YDKFQ6vQU
1289,0,66b5jSEy9Mh3QgRswoTho8
1290,0,66kuFUgjcqSl8BQlMsg95b
1291,0,66r8P0ZEO5j2IHVMA9sCKM
1292,0,671ldC8tYyIAvaiLjMJGzp
1293,0,674SUzRPvJhMtdbm1w4c3Q
1294,0,6756GgtjgaJS3gAwupfCnW
1295,0,676hdrXaUGgXTTneRz6Vi5
1296,0,67OqNA9paXwtCrpcH76eIj
1297,0,68h1UVA9W3rwTRz8AnB7eF
1298,-1,68lfNXU4hCEfJnoyclNEH7
1299,2,68q3IjJ17gHA7r9NdijiUU
1300,0,698GiT5dF4J3NAqPcMf99e
1301,0,69AIZOlmJkf7BGeSZzqczU
1302,-1,69HJDGoLGjaN6F80OnyIYP
1303,0,6ADgQ9A4DtFklv3R0AC2nf
1304,0,6AKUlMTML2j0LDOAKJMoII
1305,0,6AQnmj249rfdy60eyMfk1v
1306,0,6AbaKfVddwWsUzC2vCnl8s
1307,-1,6AgEwibUPC5JZaY9ETk7B6
1308,0,6B5pgG9dvy6i25gLafYzER
1309,0,6BUuN31LYCZ3Oh1hV8Q4c9
1310,0,6DDzwZiRGRTaABfdgnKhvo
1311,0,6DEhytM1TSCNA359haSaiH
1312,0,6DMTxPLeeoT7C7bvSGqB9B
1313,0,6E29gfZC70Vnbg7xYUrz8i
1314,0,6Ek1eTWRVXuSFM9lSc7LlA
1315,11,6F2lqO2GBs7oM4zNDCw1oT
1316,0,6F6n7wxZeJCFRTDrO4lUgC
1317,0,6FQyWBDfbDG8lkZVmVJpY1
1318,0,6FsYZnY3Y9TMzHUbc9S4Qu
1319,11,6G1YyVYzXjAbZ32bOLx7Em
1320,0,6GuBExkVps61tmTKH3miIy
1321,0,6Gx09CycEuNeyZ3kPnhrAH
1322,9,6HF3EPGyf1iA9ANcLn7cK0
1323,0,6HPqp5YF5pSVzjodBa3G89
1324,0,6HmBl1KUiezE8PS7TGJH2l
1325,0,6Hod7TmTCscMoA8Y737FEb
1326,0,6IDd6z7lhR6Alywz2CA3x4
1327,0,6IIdf802Jt6kKxP0Q0W5aM
1328,0,6IJ6Ou7dve1P5hlCjUPTfL
1329,-1,6IJNg37ejhBbAwfNqe8yme
1330,0,6IwSBsdSLPr9gLolCxskc3
1331,0,6IyjcdnYHHz0qukvNiiIjM
1332,0,6JAAYYQB2jh3ghsZL6MvtR
1333,0,6JESWto9U78rq4MjSCeMIN
1334,0,6JM8qUQFkYoMfYAlpdGlia
1335,0,6K5FGuOrlpunBkAxVk4fx2
1336,0,6KKrDsAMabfsfO9K4rIv6G
1337,0,6KzP1yhZzs8jF7wTKXqCN9
1338,-1,6LA2JejKjQZ2rb0CoVp72X
1339,0,6LRV2H8wApCOUPLSQ4hKAs
1340,0,6M82ABacdYBOnXdWwYUqBr
1341,0,6MOsesb7nyoCk1jXPTKG8F
1342,0,6MPwYKarXplTbyQhYiY0k1
1343,0,6MoeBGohTjUaKfNLCzbvzZ
1344,0,6MrZrRCKwMkx76NaXWW4EN
1345,0,6NL1Iy38jDQ9knCISWKbhw
1346,0,6NeqEEjs4YiYm3oxVwy4x7
1347,0,6OBZXsciDjPionEhTpr7yL
1348,0,6PHo5RE1uUL6lqBroAhnhS
1349,0,6PPav6OOdBg3kTIyyCqeDw
1350,0,6Ph7bS7dFox3Bkysm6y39p
1351,0,6PpzA2iVtBq1vc0CMVxWuv
1352,0,6Q8mEEjOExIUSpmNVRfoIT
1353,0,6Q9184iFpPHClWdtHrs1KR
1354,0,6QPGtXuuZhSegjut99JSAC
1355,0,6QPqHVu5rbAfWjP69oGSnF
1356,0,6QW8vhTbTm9cEJLFN4cgj7
1357,0,6QdRkYoWZEEq2jF3AYd992
1358,0,6R2N9jmZsAaiS54DufhFby
1359,0,6RIngYgeaogaJlbojgSFSX
1360,-1,6RS33ILNMCHQzQz9IXM8Ds
1361,0,6S4BKbFOFSas8ks8UEl1Do
1362,0,6SfU64Bs6iQC1bu4iAeT3Z
1363,0,6SnBtBzbPhFdjoR987kFTb
1364,0,6Sv099SIT6fSp6y0GOx4Ud
1365,0,6THiDfOR5gaT8Nv7g5FeYw
1366,0,6TJ7j5U9aqYDABHyUAMpDU
1367,0,6TKNxf8tu4ZNJXYM6iqQ13
1368,0,6Tc4ObXKgOsvZtjZSHnr4G
1369,0,6UGCDJmMx4GTtvcgpRTH8m
1370,0,6UJo5f9tMm8TFj5OgZKBQh
1371,-1,6ULuD8KOoHJRBi5yx7dKrR
1372,0,6Uzf8aRoQnkjPDlFJKVkBG
1373,0,6V7sugwSzf2v5Ecqrn9szb
1374,0,6VFdgICkBEnevFHUHhIRjj
1375,0,6VqHgPWRBiGj8P8McsFQRm
1376,0,6WKQdo3KO03cYanX0hTsa4
1377,0,6Wa5UoZ7CibX06VGUd1Oth
1378,-1,6XmNcTNuW4PRnS7HEXW3vY
1379,0,6Y7ZWtzL3SSu0clYVuoUrB
1380,0,6YaXXih7JZR3Kjh6Erb9o0
1381,0,6YjXBhFPijH1XOqcV6JdjQ
1382,-1,6YwIqXS0auLevGXID24D7C
1383,0,6ZBQ21co7eropx0GHEsvRh
1384,0,6ZLclf554cHiDtAW45gARi
1385,0,6ZfniVsneVhtb4uFoTQQ8e
1386,0,6ZnbiTjZLp0TyZ23ILhZH2
1387,0,6aXEsQhlWYis6Gn60uqnC9
1388,0,6aXPFyBh24R43zc3nWwm2k
1389,0,6b1JrDE4vFKRywrCKmxgSJ
1390,0,6b7jEKn1BF50vtVVnvZXow
1391,0,6b8350vVrYPsOFluMBeCSO
1392,0,6bAe1VTMe9ziVym7cLPtJR
1393,0,6bBC80RphT0BkDcYcl2Xd0
1394,-1,6bElW1upLoxR0Vev9Lzqdt
1395,0,6bd7GvW5R95EIY4QXtioIo
1396,0,6be43CLUjg4WGjygphKwpN
1397,0,6c1FI5wzfgrznPNVRgcEap
1398,0,6cOloVvC2NzekxvaYwDHhy
1399,0,6caU6IY2XjOxinul2lBDHx
1400,0,6dDORP8GxHb9JoO2hrQGup
1401,0,6dgEZ21ulPKaYOI7UAKePa
1402,0,6eDMaEYHOkuHWayCUfHfoA
1403,-1,6ef0N5qdZj67embfgjT9P1
1404,0,6fGQSN2ZPQHIQ7ohyijTJ7
1405,0,6fXVZKRXOZeLuR3iamZ6NX
1406,-1,6fXzeeJinLjcgGicxrtOUO
1407,-1,6fZBKxnEyLNkBT8BI2Mh5c
1408,0,6fi0ExpvtWx0vQUelJkwmV
1409,0,6gQkP3EowPiQfW8nK5iNBZ
1410,0,6gwFyrUahePkhotig5LKoS
1411,-1,6gyx12h3zxFS6fhE5RWbQh
1412,0,6h8h9odTg3cxdeIFiKZh9d
1413,0,6hM5IRLPT44kucA4i3Q1Lf
1414,0,6hcUIlw1vW4t0qJEd85iNq
1415,0,6htXffOaaYaUltRTBGhIFP
1416,0,6i32g9E2fQe0WlznUmXRdX
1417,0,6iINdp6rxt25ZVYrGyMLQp
1418,0,6ia159O0acbsqvkRA5ODeO
1419,0,6ivBIgKVw0II7asu21Ud6K
1420,0,6jD8qTALYdDfj1987neVDQ
1421,0,6jHSRtY3UD1pajtzzi9Un1
1422,0,6jxTL2cpeLFc63hNa5W7bc
1423,15,6k0VGRaAyQgEBLNaFdONpQ
1424,0,6kG468axpIirZNqkawQKdN
1425,0,6kLmWXpYK4MYDjWEWSkj4o
1426,-1,6kSpNoFtOdWTXjJBGF6D6R
1427,0,6kmDLxgp0KcAqeGPs5vIZy
1428,0,6kzqE7ewIaHAAkt2HlMffO
1429,0,6l0dAfnDtJtXBFVyWJnpqm
1430,0,6lAIFppP20pbvJMH5MjDox
1431,0,6lNVu4LByltgdEfKUJKDaj
1432,0,6lPTkspJkxVrDT0VBaq9My
1433,0,6lZLWwCXtq9Ui05kYLb7BE
1434,0,6lhGKM0R1RF0lEDUDNkMtS
1435,0,6m0fwa1mdROMjiZPC37Q1p
1436,0,6mIRMg8kpuok7eS3o7uUx7
1437,0,6mTpOnmubjbcUWD2s7dkIE
1438,17,6mlGrXL3gyAyTU8hZMTH1h
1439,0,6mtCx5CUFI5v3Zl646Z64n
1440,0,6mtwlBjGuNKc1ZPAkiXbLz
1441,0,6n0jnCqRknUW1QOP0FKytm
1442,0,6n5MGjnFPgTjdojAxFbr0Z
1443,0,6nPppUN8D5dkRbqtlnonG2
1444,0,6nU0t33tQA2i0qTI5HiyRV
1445,0,6ogDC1Y3PZNz06JZsuPX04
1446,0,6om6fcgTdIxO6hvyTnyCra
1447,0,6pBkmo0Pn8HSjtcudqqGDE
1448,0,6q0bWiOq3c46aYLpNt0Bv8
1449,0,6q2QhvD6YQDRPs0YtvBI2t
1450,0,6q32PXh79gmaltQhyhbByh
1451,0,6qNOsDHNMx6kfimXfGkWBE
1452,0,6qPJyhMkpalgQi6ZKEEjnQ
1453,0,6qQ1i70P4UjtF7ykMBYxU6
1454,0,6qdWIqvdOVl1lFHEfVCWKA
1455,0,6r0LRTsaL5DQoZkwheYiw6
1456,0,6r8hObcpBOeuCd7Zua3L5E
1457,0,6rO384jMLHy1CH9qB0ykw9
1458,-1,6seCOh0X3oqGZ20NrCG7II
1459,0,6smwRn32AU2LYPMpRNB7uh
1460,0,6tMPgnhmsgJEODIkWc4H81
1461,0,6tYMEHvEAcV9fDGSLtSxJi
1462,0,6tiPxEyT0qgxpr3U5Zpcjt
1463,0,6uDSmf5pGdjsInXcyTBSxm
1464,0,6uJ3iSP8QH7zIdGAiJDaaL
1465,0,6uURb2vGwXTlQYeTaSMOxW
1466,0,6uXTkT8st0AzDKBGr4Rqdo
1467,0,6ut2MhSOHD8n6rCHwurUQl
1468,0,6v4KG0J4VHBrocluEK5I8w
1469,0,6vO47gJ4przOwmI59mSEOc
1470,0,6vpc2dyWMOVJi9ldgRD7Dt
1471,0,6wNioTOpBAv6nqxF067eaW
1472,0,6wPcIlXse5AfoxZgNzIcNb
1473,0,6wsFITBT08NA12LlCG9h3Q
1474,0,6x9erwAnFjmBTUMS735aZq
1475,0,6xIHOHU10wiLvFnTI9T421
1476,7,6xNq91fdce8xIWpgTILKzu
1477,0,6xSqxf7IzeLyf5MClP1IQP
1478,0,6xU01q3mMUJ8Qum22sOY5C
1479,0,6xVwcKe3bjKcIriAKxF07B
1480,0,6xZqpq6WzQkZXIHWeiraNT
1481,0,6xf7iK8Nne3HD07LuYS0gF
1482,0,6xwCH60hsGvo2tLk1j07Ud
1483,0,6y2Ws7fVYPGvbyB7VdW1Yv
1484,0,6zdSqDSfot10OqYCjesLKs
1485,-1,6zuHjqkKHDimMYtY9s4QIn
1486,0,703NFL30mUxBTp3Ef3WgVH
1487,0,70M2GdJysbCKToAuZkWw7a
1488,0,715zxsMhKeCA9FaEZTSFYS
1489,0,71S4eA5KEEaewTP7epxfNq
1490,-1,71o6khz8Rp5QUwEC7uBN3l
1491,0,72hFrNmH3P4lszUpJvzzlC
1492,0,72rwAsb11QxVCPQq240Pqb
1493,0,72wzEFrkPHH9q00cHEEHOI
1494,0,72zQvkIDpfaikQLXV10ade
1495,0,737XojhBn4SnNOg3F9V6Ve
1496,0,74Qu9WJGOrfVpZRGErYxy4
1497,0,74ahK0tEaw2kV2SEOi3JlD
1498,0,74uajzs3vsA3bUlF3hrSHe
1499,0,75Apxjjw8pj9jo73qBi9e0
1500,0,75PuujvP3UeZcllBl47MhG
1501,0,75nrryYks69nTmAr8P3i80
1502,0,76AaawfyGZ4VqsT17yuUHu
1503,0,76njKpsY1cT2Rdxv4ybjNY
1504,0,775UWTYdNdIz7KdOIi7oOL
1505,0,78z3zbbGEYBOqbqgBpDEor
1506,-1,7ABD15iASBIpPP5uJ5awvq
1507,0,7AR8QfzYvwod9cr0bmuDAt
1508,0,7AYxvMrNK7wRITP9eG9tZ1
1509,0,7AedFtI6VBEAHtQa0EoFuU
1510,0,7AgQ2C2MJsrpODjrZtXbZs
1511,-1,7BcfqemslcdlXSRbgTqkPf
1512,0,7BrfWcoPhbNDPonC5a0QB7
1513,0,7BwpD7Yauz6poFYm4i8duP
1514,0,7CKYc6CieZEZ5xX6vcVfIM
1515,0,7CMg6tygW0F3pLfpYtlX8u
1516,0,7CV1rZAtBMLu9kwemvlGOT
1517,0,7Cccndu6kD3qq0xkkaO6ac
1518,-1,7Ceoy51Sq3rYXlr8KFSJkj
1519,0,7CqMi9XeaYyTOKcOMsujSz
1520,0,7DJptcT5dT3Sxq8NnHp7CA
1521,0,7DSJTZ3z0cygrpL0aMyIOn
1522,0,7DWR5jiYRTPfzVD5gOckeC
1523,0,7DaNB3xvJ4F96C66mQgmpS
1524,0,7E1f9RP4lMeTPoTIWNHTPj
1525,0,7EIx28aeJhT2PdBNkdrJqj
1526,-1,7ETnL4fbHNcIdV1JmRuCZd
1527,-1,7EZya5HV3BNgHUTNpY8xPy
1528,2,7Eb7NSTEgN1KhuMBVMbXjA
1529,-1,7EyFIDuFRJjZbYAhMIwpMu
1530,0,7FCC5aXEuoOrmywNkUKzsM
1531,8,7G01zRnTCdacsN53kJXUiy
1532,0,7Gq3jTNIGfZ2qrBQK0IxCN
1533,0,7HMfX3fYVUVlmEgNKmeZSV
1534,0,7HoCj7EiW6so0p8k9zmZTB
1535,0,7I2v6St51C9ul60BTYofHI
1536,0,7Ieau9ClwsoHw2be92iZz5
1537,0,7IhvzGm0jgasz9yJfKtXFq
1538,15,7IzepNrl9EsdZEUgqrGurI
1539,0,7J3isgLMYFreHALEKkKDA0
1540,0,7JCxklwtMQTAFaydPOpsv1
1541,0,7JXJKP3xMvIMbEBBGApTPQ
1542,0,7JaAxxZGUiXIf5rL2acDWm
1543,0,7KuA5NRMzxQpqwuf1lAPPp
1544,1,7LGt8neoUvB8Lx102zifgY
1545,0,7LRqIcQTHUL4TBedADnYy2
1546,-1,7LrQUKWW8fIA7uzhQDTzOi
1547,0,7LtWOppSoMVtCBXIcGoJqh
1548,0,7LujWOcYHhKsu1Ap9WbhH0
1549,6,7LzG8M7vBhjTrcI9Cu7Tif
1550,-1,7MMPD6G0hU2Jou9f1n8DOz
1551,0,7Mdq1Wpw4VWEeeLb7IYpEW
1552,0,7MkXFJ6pBM4aSqZOOpFhpM
1553,0,7aECHxI64C6wCC9LupbM7w
1554,0,7aHd0p6eHZ68bNUjcpm1kg
1555,0,7bAXtqfJGDYOxWm4lwahHl
1556,0,7bAZ2HBmsKT3cgw90URrNk
1557,0,7bOS7eyZUx6bh7ig91GBjK
1558,0,7bTYCv5gzbJj3rauIFBwwu
1559,0,7bzEWtQSQT42tuXZlygBk2
1560,0,7c8z4y0yUXNKhkKChvahJg
1561,-1,7cFz1MnWbhJ1zXLaiUcd0D
1562,5,7cJNEk9762EDIjJgYLx3Pc
1563,0,7cclPOUvtI1C5IO3zFTwwR
1564,0,7crfieTXuCljBJP74pmbmL
1565,-1,7dDLgLXrtLII1Gq3lMbkwD
1566,0,7dvRygwVO0NTYOKfqUW4rQ
1567,0,7e39OZ8iIK35ibGxAOH88D
1568,-1,7eQDvUtXCIaGoWZdZFlWce
1569,14,7erHeOsFrOLYn8HgiwksP8
1570,0,7f18WajciOsWMAOEuZbHWt
1571,0,7fZjWIjhJ0FzSdEcNjF3dT
1572,-1,7g0V4gerBRwKlNuUcqqrg0
1573,0,7gL4DOvQjcn2tYaNwxeo4J
1574,0,7gV3qHPj3tSql4UNSABKzt
1575,0,7gkm1ZpvXcjFEhtIvohlEx
1576,0,7hF3I7nUQygm7t7mJGyjwK
1577,0,7hIw7ECg7N5pRfKpAQ1yhp
1578,0,7hac4kyNjP7stEFsGO3MX7
1579,0,7hshURH8dzz84ubAwlDJVX
1580,0,7iMyUkmPe7epyb8J1mqT9y
1581,9,7iUYMUj5wbDpIOLdNECcef
1582,0,7iomFy66LYte0ivsdilAV8
1583,-1,7j4oovQF40PP3fBR6FmxvQ
1584,0,7jIA5fdi9iTLBvpp0L6jZw
1585,0,7jnq1oK7S6Xw4eAlh1NvUn
1586,0,7lLH1SxphQRQHoQWPonFeK
1587,0,7lQcMRMOOAyPbX7hfyRGu2
1588,0,7ln7O3oAFiemPHNihJnmjL
1589,0,7m0E9KuOJWCogTRdGAWg4V
1590,0,7m3iYRf2H6Qz05FhORx4jm
1591,0,7m7CfwVo8mggDzGs2zl5Gr
1592,0,7mE5GVnHysvNQB9CHftH6t
1593,0,7mE6MxBSgwcr45zdQH4A9f
1594,0,7mFQWtjtyW5p6Gh62NgZMY
1595,0,7mGDSi4XLJBwngfYtO0ezU
1596,0,7mUhXAMa787fMtovHRYnNq
1597,0,7mmvNbPWj8eTpE1Zv8iDVL
1598,0,7o1E5PXj3e0KNOUgRaU56A
1599,-1,7o5zTCVIncFdn07YRgwzTE
1600,0,7oDuUbMoXwRBgmagXjN8TH
1601,0,7os9QEIU2FcezM6auvhpv0
1602,0,7p9knKJ3N6Qu4Q7CpjlNny
1603,2,7pTEksbg6GWGm5bTpyo6rB
1604,0,7pWNG89bI9uwHQaUI3pINb
1605,0,7qKHyarzDP7fdPYMERSGVS
1606,-1,7qNi4Pi0nKP8gOSMQ1uB7B
1607,0,7qjvsi3s7tG3FeyZzkQB6Z
1608,0,7qwFKX0QzPLcxW8S18fy0V
1609,0,7rLrtLlly1lXhMEQM2KRlo
1610,0,7rRxxt1LrrR4BMtxnU0sUS
1611,0,7rfNFfoYaaF42nm2UKVpGr
1612,-1,7rjnGxmGzA0AMwQiMTn1Ls
1613,0,7rmQAFjELR0152VKf7yZFm
1614,0,7rn2o6gP7zXaRR9lq93Klk
1615,-1,7sAJQJHEk1IVsusAOpdQ1b
1616,0,7sDQZyMaaeq30lESCRelUb
1617,0,7szO1qxPLfSBDaddvXguJ6
1618,-1,7tZ3jY7VcBGnzJBcWmNaRQ
1619,5,7tqbWbFQ56kxwtx32V74Bl
1620,0,7uDuqT89jk6hY8Qu1OamcL
1621,-1,7v1pDf5gpjzBj6uxHQUcNM
1622,0,7vDdx1PnBUanKS2pNUBwoY
1623,1,7vyY1k0tY8cOgCYbsQIatf
1624,0,7w2lCOvxZwvJCkwuDin8N2
1625,0,7w46rWYIRN7ZGwyxYqGSo5
1626,-1,7wDgogJJ1Pbatrki2w3gCm
1627,0,7wNw2GXyZ2V0BTLwYRhwsS
1628,0,7wNzpJ4xwH5GVZ4ONYQZnr
1629,0,7woj3JVi8IWpEnz7EibO3H
1630,0,7wr4ApJTOudBUoFbNy9dc6
1631,10,7wwVzxV6m8D81TuVmCn6tU
1632,0,7wxv118bsMmUuikboW4lXW
1633,0,7xTp7wE26LS6ThBvdW3ZWQ
1634,0,7xWuNevFBmwnFEg6wzdCc7
1635,0,7yYME84lLyexhQmdkCadIb
1636,0,7yaCjUUhe9i5t6oV5lFwkp
1637,0,7yeP8DAcRUjdh6P1pr8flO
1638,0,7yteGe4xllefRAfZS2bWNf
1639,-1,7zG7TF9KeaLnv4Rz7EZmxI
1640,0,7zK0bboDHrAomDHWn7cv7G
1641,0,7zNhWz5lvHSaasPkM7Qtfw
1642,0,7zZ9HoydiewO3fqcBic7Hr
1643,0,7zmqO8pB122dSjexVfBRge
